item,projeto_id_fiotec,titulo_projeto,objetivo_geral,coordenador_geral,coordenacao,numero_processo,tipo_instrumento_contratual,parceiro,categoria_teds,numero_instrumento_contratual,natureza_projeto,data_inicio_vigencia,data_fim_vigencia,eixo_mapa_estrategico_fiocruz,valor_total_projetos,recurso_liberado,recurso_a_receber,total_realizado,total_comprometido,saldo_total_atual,saldo_calculado,diferenca_saldo,percentual_realizado_sobre_liberado,percentual_receber_sobre_total
1,GEREB-005-FEX-20,"Saúde Digital Para O Enfrentamento Da Covid-19 Nos Territõrios Do Distrito Federal (Fap, Fiotec. Fiocruz)","Apoiar A Execução E O Desenvolvimento De Projetos E Ações De Pesquisa, Inovação E Extensão Voltadas Para:  I) O Desenvolvimento E Incorporação De Tecnologias Digitais Para O Diagnóstico, O Tratamento Da Infecção Causada Pelo Covid-19 E A Prevenção Com Maior Precisão Das Ações De Contenção Do Surto Nos Territórios; Ii) Capacitação Da Força De Trabalho Para Atuar No Ambiente De Saúde Digital E, Iii) Fomento Da Rede Cooperativa De Ciência E Tecnologia Da Cadeia De Inovação Digital Do Df Para O Desenvolvimento De Pesquisas Tecnológicas De Enfrentamento De Doenças Infectocontagiosas, Contribuindo Para A Cooperação Entre A Fiocruz, A Secretaria De Estado De Saúde Do Distrito Federa, A Fap/Df E Outros Parceiros.",Wagner de Jesus Martins,COLABORATÓRIO,25027.000032/2020-90,CONVÊNIO PD&I,FAP/DF,,59/2020,Desenvolvimento Científico E Tecnológico,2020-06-01,2026-06-27,Inovação E Complexo Produtivo Em Saúde,10000000.0,12532089.71,0.0,10096134.53,261666.75,2174288.43,2174288.43,0.0,80.56,0.0
2,GEREB-007-FIO-20,Fortalecimento Da Vigilância Das Infecções Crônicas E Sexualmente Transmissíveis Na Atenção À Saúde.,"Estabelecer Mecanismos De Coordenação Para Integração Das Ações De Vigilância E Cuidado, No Âmbito Das Redes De Atenção, Com Vistas A Ampliar A Resposta Às Doenças Transmissíveis De Condições Crônicas E Infecções Sexualmente Transmissíveis (Ist).",Noely Fabiana Oliveira De Moura,NEVS,25027.000047/2020-58,TED,MINISTÉRIO DA SAÚDE,TED MS,49/2020,Desenvolvimento Científico E Tecnológico,2020-07-29,2026-07-02,"Atenção, Promoção, Vigilâncias, Geração De Conhecimentos E Formação Para O Sus",35000000.0,37759567.41,0.0,34793040.61,2099887.13,866639.67,866639.67,0.0,92.14,0.0
3,GEREB-008-FIO-20,"Gestão E Governança No Campo Da Ciência, Tecnologia E Inovação Em Saúde (Ct&Is)","Contribuir Para A Produção De Conhecimento E Para O Desenvolvimento De Capacidades E Ferramentas Atrelados Ao Aprimoramento Da Gestão E Ao Aumento Da Capacidade De Governança No Campo Da Ciência, Tecnologia E Inovação Em Saúde (Ct&Is).",José Antonio Silvestre Fernandes Neto,ASSESSORIAS,25027.000046/2020-11,TED,MINISTÉRIO DA SAÚDE,TED de SUPORTE,50/2020,Pesquisa,2020-08-12,2026-08-05,"Ciência, Tecnologia, Saúde E Sociedade",31103328.0,31199512.85,2500000.0,31130699.28,96560.4,-27746.83,-27746.83,0.0,99.78,8.04
4,GEREB-022-FIO-20,Educação Para O Desenvolvimento Dos Servidores Públicos Federais Do Ministério Da Saúde.,"Promover O Desenvolvimento De Pessoas, De Acordo Com O Plano De Desenvolvimento De Pessoas (Pdp) Do Ministério Da Saúde (Ms), Por Meio De Atividades Educacionais.",Luciana Sepúlveda Köptcke,EGF,25027.000200/2020-47,TED,MINISTÉRIO DA SAÚDE,TED MS,109/2020,Ensino,2020-12-29,2026-12-01,"Atenção, Promoção, Vigilâncias, Geração De Conhecimentos E Formação Para O Sus",4291963.0,4509934.8,41292.0,4198991.19,257307.0,53636.61,53636.61,0.0,93.11,0.96
5,GEREB-013-FIO-21,Gestão Estratégica Para Acesso E Qualidade Da Assistência Farmacêutica No Sus.,Contribuir Com As Ações Que Visam A Efetividade Da Gestão Estratégica E Para O Aperfeiçoamento Da Assistência Farmacêutica No Sus.,Daniella Cristina Rodrigues Pereira,CPP,25027.000166/2021-91,TED,MINISTÉRIO DA SAÚDE,TED de SUPORTE,52/2021,Extensão,2021-12-10,2026-11-30,"Atenção, Promoção, Vigilâncias, Geração De Conhecimentos E Formação Para O Sus",55407026.0,59200857.59,0.0,55240431.98,5493588.09,-1533162.48,-1533162.48,0.0,93.31,0.0
6,GEREB-009-FEX-22,Supervisão Clínico-Institucional Às Equipes Dos Centros De Atenção Psicossocial (Caps) Do Distrito Federal (Df),"Qualificar As Ações Ofertadas Pelos Serviços De Saúde Mental, Álcool E Outras Drogas No Df Por Meio Da Supervisão Clínico- Institucional Com Vistas À Minimização Dos Impactos Relacionados À Espin Decorrente Da Covid-19, Conforme Orientações Da Art. 2º Portaria Gm/Ms Nº 3.350, De 8 De Dezembro De 2020.",André Vinícius Pires Guerrero,NUSMAD,25027.000096/2021-71,CONVÊNIO PD&I,SES/DF,,57/2022,Estímulo À Inovação,2022-06-02,2027-06-02,"Atenção, Promoção, Vigilâncias, Geração De Conhecimentos E Formação Para O Sus",4117133.33,2284017.63,1991646.0,2196926.98,9600.0,77490.65,77490.65,0.0,96.19,48.37
7,GEREB-010-FEX-22,Oferta Do Curso De Especialização Em Medicina De Família E Comunidade,"Cooperação Técnica E Científica Entre Os Parceiros Para Desenvolver O Projeto ""Oferta De Curso De Especialização Em Medicina De Família E Comunidade"", Na Modalidade De Educação À Distância (Ead), Em Seus Componentes De Ensino, Supervisão E Avaliação, Destinado Aos Médicos, Realizando Formação Em Medicina Da Família E Comunidade (Mfc),No Âmbito Do Programa Médicos Pelo Brasil (Pmpb).",Kellen Cristina Da Silva Gasque,UNASUS,25027.000080/2022-40,CONVÊNIO PD&I,ADAPS,,70/2022,Estímulo À Inovação,2022-06-08,2026-08-08,"Atenção, Promoção, Vigilâncias, Geração De Conhecimentos E Formação Para O Sus",37071299.38,38747978.98,0.0,38441183.33,35981.61,270814.04,270814.04,0.0,99.21,0.0
8,GEREB-021-FIO-22,"Aprimoramento, Qualificação E Gestão De Vigilância Laboratorial","Elaboração E Desenvolvimento De Ações E Estratégias Volt Adas À Estruturação, Qualificação E Melhoria De Gestão Do Componente Laboratorial Da Vigilância Em Saúde.",Noely Fabiana Oliveira De Moura,NEVS,25027.000089/2022-51,TED,MINISTÉRIO DA SAÚDE,TED MS,25/2022,Desenvolvimento Científico E Tecnológico,2022-09-02,2026-07-20,"Atenção, Promoção, Vigilâncias, Geração De Conhecimentos E Formação Para O Sus",1500000.0,1587336.02,0.0,1563874.88,23445.0,16.14,16.14,0.0,98.52,0.0
9,GEREB-024-FIO-22,Programa De Formação A Distância Destinado A Profissionais E Gestores Do Setor De Saúde Que Atuam Nas Políticas De Promoção De Equidade Em Saúde.,"Desenvolver Um Programa Educacional À Distância Pelo Sistema Una-Sus Destinado A Profissionais E Gestores Do Setor De Saúde Voltado Para As Seguintes Políticas De Equidade Em Saúde:  I)Da População Negra; Ii)Das Pessoas Com Albinismo; Iii)Da População Quilombola; Iv)Do Povo Cigano/Romani; V)De Adolescentes Em Conflito Com A Lei; Vi)De Imigrantes, Refugiados E Apátridas; Vii)Das Populações Itinerantes; Viii)Dos Direitos Humanos E Saúde; E Ix)Da Gestão E Implantação De Políticas De Equidade No Sus.",Kellen Cristina Da Silva Gasque,UNASUS,25027.000081/2022-94,TED,MINISTÉRIO DA SAÚDE,TED MS,14/2022,Ensino,2022-09-15,2027-02-04,"Atenção, Promoção, Vigilâncias, Geração De Conhecimentos E Formação Para O Sus",2826360.0,3110620.46,0.0,2594849.9,64510.4,451260.16,451260.16,0.0,83.42,0.0
10,GEREB-001-FIO-23,Apoio Ao Monitoramento E Avaliação Do 1° Ciclo Formativo Dos Programas De Provimento De Profissionais De Saúde Do Ministério Da Saúde,"Desenvolver Pesquisas E Soluções De Apoio À Gestão, De Forma A Dar Continuidade Às Ações Da Se/Una-Sus Visando Ao Monitoramento E Avaliação Do 1º Ciclo Formativo Dos Participantes Dos Programas De Provimento De Profissionais De Saúde Do Ms (Ppps).",Kellen Cristina Da Silva Gasque,UNASUS,25027.000362/2022-47,TED,MINISTÉRIO DA SAÚDE,TED MS,79/2022,Ensino,2023-01-06,2027-06-14,"Atenção, Promoção, Vigilâncias, Geração De Conhecimentos E Formação Para O Sus",3500000.0,3176728.27,527815.0,3025326.49,149931.71,1470.07,1470.07,0.0,95.23,15.08
11,GEREB-002-FIO-23,Avaliação Da Morbidade Materna Grave Em Serviços De Assistência Ao Parto E Nascimento No Brasil.,Identificar A Magnitude Da Morbidade Materna Grave E Seus Determinantes Em Maternidades Com Representatividade Nacional.,Maria Do Carmo Leal,COLABORATÓRIO,25027.000354/2022-09,EMENDA PARLAMENTAR,DEP. PAULA BELMONTE,,40530019,Pesquisa,2023-01-10,2027-01-10,"Atenção, Promoção, Vigilâncias, Geração De Conhecimentos E Formação Para O Sus",542153.0,588282.88,1153.0,490149.32,81400.0,16733.56,16733.56,0.0,83.32,0.21
12,GEREB-015-FIO-23,Saúde Das Mulheres E Suas Interseccionalidades.,"Suporte A Formação-Ação Em Promoção E Vigilância Em Saúde, Ambiente E Trabalho - Saúde Das Mulheres E Suas Interseccionalidades.",André Luiz Dutra Fenner,PSAT,25027.000132/2023-69,EMENDA PARLAMENTAR,EMENDA COMISSÃO DEFESA DOS DIREITOS DA MULHER,,50360004,Ensino,2023-09-01,2026-11-01,"Atenção, Promoção, Vigilâncias, Geração De Conhecimentos E Formação Para O Sus",503310.0,293659.05,218310.0,290784.78,0.0,2874.27,2874.27,0.0,99.02,43.37
13,GEREB-019-FIO-23,Fortalecimento Das Políticas Públicas De Prevenção De Riscos De Desastres,Suporte Técnico-Científico Ao Departamento De Redução De Risco Desastres Da Secretaria Nacional De Periferias Do Revisão E Qualificação Das Políticas Públicas De Redução De Risco De Desastres.,Wagner de Jesus Martins,COLABORATÓRIO,25027.000254/2023-55,TED,MINISTÉRIO DAS CIDADES,TED MCIDADES,001/2023,Desenvolvimento Científico E Tecnológico,2023-09-27,2028-09-27,"Ciência, Tecnologia, Saúde E Sociedade",45038140.0,49872587.66,0.0,35735514.92,2077083.45,12059989.29,12059989.29,0.0,71.65,0.0
14,GEREB-018-FIO-23,Aprimoramento Das Práticas Institucionais No Âmbito Do Ministério Da Saúde,"Aprimorar Práticas E Competências Das Diversas Áreas Do Ministério Da Saúde Na Gestão Das Demandas Advindas De Articulações, Bem Como Produzir Dados, Informações E Produtos Que Contribuam Para A Tomada De Decisão Dos Gestores Do Ministério Da Saúde.",José Antonio Silvestre Fernandes Neto,ASSESSORIAS,25027.000278/2023-12,TED,MINISTÉRIO DA SAÚDE,TED de SUPORTE,15/2023,Desenvolvimento Institucional,2023-09-27,2028-09-27,"Atenção, Promoção, Vigilâncias, Geração De Conhecimentos E Formação Para O Sus",183000000.0,96692989.73,88716667.0,96154394.37,2658630.58,-2120035.22,-2120035.22,0.0,99.44,48.48
15,GEREB-023-FIO-23,"Implementação De Modelo De Governança E Gestão Das Cooperações Técnicas Nacional E Internacional, No Âmbito Do Ministério Da Saúde","Implementar, No Âmbito Do Ministério Da Saúde, Modelo De Governança E Gestão Das Cooperações Técnicas Nacional E Internacional.",Márcio Aldrin França Cavalcante,NUGP,25027.000233/2023-30,TED,MINISTÉRIO DA SAÚDE,TED de SUPORTE,37/2023,Desenvolvimento Institucional,2023-11-29,2027-11-29,"Atenção, Promoção, Vigilâncias, Geração De Conhecimentos E Formação Para O Sus",60352517.0,38836031.46,23098507.78,29709078.8,177770.54,8949182.12,8949182.12,0.0,76.5,38.27
16,GEREB-021-FIO-23,Fortalecimento Do Programa De Treinamento Em Epidemiologia Aplicada Aos Serviços Do Sus – Nível Intermediário.,"Realizar Cursos De Especialização Visando Melhorar A Capacidade De Detecção, Resposta E Comunicação De Problemas De Saúde Pública, Por Meio Da Capacitação De Profissionais Que Atuam Na Área Da Vigilância Em Saúde Da Esfera Federal, De Estados/Regionais E Municípios Das Diferentes Regiões Do Brasil.",Noely Fabiana Oliveira De Moura,NEVS,25027.000178/2023-88,TED,MINISTÉRIO DA SAÚDE,TED MS,10/2023,Ensino,2023-11-29,2027-11-29,"Atenção, Promoção, Vigilâncias, Geração De Conhecimentos E Formação Para O Sus",4500000.0,4415294.64,757500.0,1896287.38,168389.51,2350617.75,2350617.75,0.0,42.95,16.83
17,GEREB-022-FIO-23,"Desenvolvimento Sustentável Dos Povos E Comunidades Tradicionais De Matriz Africana E De Terreiros, Quilombolas E Ciganos Do Brasil.","Promover O Desenvolvimento Sustentável Dos Povos E Comunidades Tradicionais De Matriz Africana E De Terreiros, Quilombolas E Ciganos Do Brasil.",Denise Oliveira E Silva,PALIN,25027.000354/2023-81,TED,MINISTÉRIO DA IGUALDADE RACIAL,TED MIR,18/2023,Pesquisa,2023-11-29,2026-08-26,Saúde E Sustentabilidade Socioambiental,4803000.0,5251038.54,0.0,4338747.58,96969.75,815321.21,815321.21,0.0,82.63,0.0
19,GEREB-025-FIO-23,Abordagens Intersetoriais E Integradas Para Uma Política De Drogas Para Pessoas No Brasil.,"Promover A Articulação, A Qualificação E A Integração De Políticas Públicas Sobre Drogas Em Municípios Prioritários Das Unidades Da Federação, Com Ênfase Na Prevenção, Articulação Intra E Intersetorial E Formação De Trabalhadores",André Vinícius Pires Guerrero,NUSMAD,25027.000206/2023-67,TED,MINISTÉRIO DA JUSTIÇA E SEGURANÇA PÚBLICA,TED MJSP,04/2023,Extensão,2023-12-06,2026-06-06,"Ciência, Tecnologia, Saúde E Sociedade",25748326.34,25680135.2,1162386.6,24794334.46,374096.57,511704.17,511704.17,0.0,96.55,4.51
20,GEREB-029-FIO-23,Inteligência Estratégica Na Transformação Digital Em Saúde.,"Desenvolver Processo De Inteligência Estratégica Baseado Na Transformação Digital Em Saúde Capaz De Promover, Mobilizar E Integrar Conhecimentos E Competências Para Auxiliar No Monitoramento, Na Avaliação E Na Disseminação De Informações Em Saúde.",Wagner de Jesus Martins,COLABORATÓRIO,25027.000375/2023-05,TED,MINISTÉRIO DA SAÚDE,TED de SUPORTE,39/2023,Desenvolvimento Científico E Tecnológico,2023-12-14,2027-12-14,"Ciência, Tecnologia, Saúde E Sociedade",5000000.0,4127221.78,1000000.0,3575683.58,143100.26,408437.94,408437.94,0.0,86.64,20.0
21,GEREB-030-FIO-23,Escola De Promotores De Saúde.,"Contribuir Com O Desenvolvimento De Territórios Saudáveis E Sustentáveis, Valorizando O Protagonismo Dos Movimentos Sociais E Populares Na Proposição E Implementação De Políticas Públicas De Saúde.",Osvaldo Peralta Bonetti,ANGICOS,25027.000368/2023-03,EMENDA PARLAMENTAR,DEP. BOHN GASS,,28620017,Ensino,2023-12-20,2026-06-20,"Atenção, Promoção, Vigilâncias, Geração De Conhecimentos E Formação Para O Sus",828367.0,875966.76,0.0,870051.5,5000.0,915.26,915.26,0.0,99.32,0.0
22,GEREB-031-FIO-23,Programa De Formação De Agentes Educadoras/Es Populares De Saúde.,"Promover Uma Rede Nacional De Agentes Educadoras/Es Populares De Saúde, Voltada Para O Fortalecimento Do Sus E O Desenvolvimento De Territórios Saudáveis E Sustentáveis, Incentivando E Valorizando As Práticas Tradicionais E Populares De Cuidado, A Comunicação E A Educação Popular Em Saúde.",Osvaldo Peralta Bonetti,ANGICOS,25027.000292/2023-16,TED,MINISTÉRIO DA SAÚDE,TED MS,63/2023,Ensino,2023-12-21,2026-12-07,"Atenção, Promoção, Vigilâncias, Geração De Conhecimentos E Formação Para O Sus",23698852.0,24667211.2,3852.0,24050376.31,452080.0,164754.89,164754.89,0.0,97.5,0.02
23,GEREB-032-FIO-23,Promoção Do Acolhimento Em Defesa Dos Direitos Das Pessoas Lgbtqia+.,Desenvolver E Testar Política Pública Baseada Em Tecnologias Sociais De Acolhimento Para A População Lgbtqia+.,Wagner de Jesus Martins,COLABORATÓRIO,25027.000370/2023-74,TED,MINISTÉRIO DOS DIREITOS HUMANOS E DA CIDADANIA,TED MDHC,30993120230001-00166,Pesquisa,2023-12-21,2026-06-01,"Atenção, Promoção, Vigilâncias, Geração De Conhecimentos E Formação Para O Sus",2375000.0,2525484.79,0.0,2512777.09,0.0,12707.7,12707.7,0.0,99.5,0.0
24,GEREB-033-FIO-23,"Desenvolvimento E Aprimoramento De Ações Estratégicas De Preparação, Vigilância E Resposta Às Emergências Em Saúde Pública.","Desenvolver E Aprimorar As Ações Estratégicas De Preparação, Vigilância E Resposta Às Emergências Em Saúde Pública.",Márcio Aldrin França Cavalcante,NUGP,25027.000357/2023-15,TED,MINISTÉRIO DA SAÚDE,TED de SUPORTE,55/2023,Pesquisa,2023-12-21,2028-12-21,"Atenção, Promoção, Vigilâncias, Geração De Conhecimentos E Formação Para O Sus",40991199.0,21795967.54,20000000.0,18683402.36,2473379.18,639186.0,639186.0,0.0,85.72,48.79
25,GEREB-036-FIO-23,"Fortalecimento E Apoio Das Ações Voltadas Para A População Em Situação De Rua, Em Parceria Com O Ministério Dos Direitos Humanos E Da Cidadania","Prestar Apoio À Implementação, Consolidação Das Práticas Das Equipes Que Atuam Com A População Em Situação De Rua, Em Especial No Sistema Único De Saúde - Sus E No Sistema Único Da Assistência Social - Suas, Buscando Fomentar A Colaboração E O Intercâmbio De Conhecimento Entre Os Diferentes Atores, Para Identificar, Adaptar E Ampliar As Melhores Práticas Com A População Em Situação De Rua.",José Antonio Silvestre Fernandes Neto,ASSESSORIAS,25027.000391/2023-90,TED,MINISTÉRIO DOS DIREITOS HUMANOS E DA CIDADANIA,TED MDHC,06/2023,Extensão,2023-12-21,2026-06-30,"Atenção, Promoção, Vigilâncias, Geração De Conhecimentos E Formação Para O Sus",4625000.0,4800810.8,0.0,4573802.85,186730.0,40277.95,40277.95,0.0,95.27,0.0
26,GEREB-035-FIO-23,"Capacitação Em Vigilância, Prevenção E Controle De Zoonoses, Doenças De Transmissão Vetorial E De Acidentes Causados Por Animais Peçonhentos E Venenosos, De Relevância Para A Saúde Pública","Promover O Fortalecimento, A Adequação E O Aperfeiçoamento Das Ações E Dos Serviços De Vigilância, Prevenção E O Controle De Zoonoses, Doenças De Transmissão Vetorial E Acidentes Causados Por Animais Peçonhentos E Venenosos, De Relevância Para A Saúde Pública.",Kellen Cristina Da Silva Gasque,UNASUS,25027.000314/2023-30,TED,MINISTÉRIO DA SAÚDE,TED MS,79/2023,Ensino,2023-12-22,2026-11-22,"Atenção, Promoção, Vigilâncias, Geração De Conhecimentos E Formação Para O Sus",3000000.0,2210291.34,1000000.0,523193.23,72082.5,1615015.61,1615015.61,0.0,23.67,33.33
27,GEREB-037-FIO-23,Projeto De Pesquisa Aplicado À Inovação Nos Processos De Auditoria Do Sistema Único De Saúde,Promover Dinâmicas De Inovação Organizacional E Tecnológica Para Inserção Da Auditoria Interna Do Sus Em Um Ecossistema De Auditoria Inteligente Em Saúde.,Wagner de Jesus Martins,COLABORATÓRIO,25027.000353/2023-37,TED,MINISTÉRIO DA SAÚDE,TED de SUPORTE,65/2023,Estímulo À Inovação,2023-12-22,2027-07-22,"Ciência, Tecnologia, Saúde E Sociedade",19594720.0,10711612.24,9121680.0,10161299.06,210586.78,339726.4,339726.4,0.0,94.86,46.55
28,GEREB-001-FIO-24,Educação Permanente Para A Rede De Atenção Psicossocial No Sistema Único De Saúde: Atenção Integral Às Pessoas Em Sofrimento Mental.,"Ofertar Curso De Atualização Na Perspectiva Da Educação Permanente Aos Profissionais Que Atuam Na Raps, De Modo A Fomentar Boas Práticas De Cuidado Que Estejam Em Consonância Com A Estratégia Da Redução De Danos E A Lógica Do Cuidado Em Liberdade.",André Vinícius Pires Guerrero,NUSMAD,25027.000382/2023-07,TED,MINISTÉRIO DA SAÚDE,TED MS,72/2023,Ensino,2023-12-29,2026-12-29,"Atenção, Promoção, Vigilâncias, Geração De Conhecimentos E Formação Para O Sus",41370186.0,42402484.85,1370186.03,35859607.73,5197810.0,1345067.12,1345067.12,0.0,84.57,3.31
29,GEREB-002-FIO-24,O Ensino Da Saúde Digital No Brasil: Perspectivas E Desafios Na Formação Dos Profissionais De Saúde.,"Investigar A Presença E Abrangência Dos Conteúdos Relacionados À Saúde Digital Nos Currículos De Graduação E Pós-Graduação De Saúde Em Instituições De Ensino Superior Do País, Bem Como As Competências Necessárias Para A Atuação No Sistema Único De Saúde.",Débora Dupas Gonçalves Do Nascimento,UNASUS,25027.000351/2023-48,TED,MINISTÉRIO DA SAÚDE,TED MS,64/2023,Pesquisa,2023-12-28,2027-05-07,"Ciência, Tecnologia, Saúde E Sociedade",2176078.0,1753215.9,576582.0,576582.0,64100.0,681989.64,1112533.9,-430544.26,32.89,26.5
30,GEREB-003-FIO-24,Fortalecimento Do Centro Nacional De Inteligência Epidemiológica/Cnie Para Ampliar A Capacidade De Análises Epidemiológicas Dos Dados De Interesse Da Secretaria De Vigilância Em Saúde E Ambiente/Svsa/Ms,"Estruturar O Centro Nacional De Inteligência Epidemiológica Potencializando Sua Capacidade De Acesso, Extração, Processamento, Tratamento, Integração E Análise De Dados Epidemiológicos De Interesse Para A Vigilância Em Saúde E Ambiente, Detecção De Emergências Em Saúde E A Preparação Da Resposta, Fortalecendo Na Tomada De Decisões Baseadas Em Evidências, Em Consonância Com A Política Nacional De Vigilância Em Saúde.",Noely Fabiana Oliveira De Moura,NEVS,25027.000383/2023-43,TED,MINISTÉRIO DA SAÚDE,TED de SUPORTE,82/2023,Desenvolvimento Científico E Tecnológico,2024-01-03,2029-01-03,"Atenção, Promoção, Vigilâncias, Geração De Conhecimentos E Formação Para O Sus",15200000.0,9040047.36,7035000.0,3838221.88,483880.0,4717945.48,4717945.48,0.0,42.46,46.28
31,GEREB-008-FIO-24,Qualificação Do Cadastro Nacional De Estabelecimentos De Saúde (Cnes): Informação E Gestão Do Trabalho Em Saúde (Infogets).,Desenvolver Estratégias Sustentáveis Para A Atualização Das Informações Da Força De Trabalho Em Saúde No Âmbito Do Cadastro Nacional De Estabelecimentos De Saúde (Cnes-Profissional).,Osvaldo Peralta Bonetti,ANGICOS,25027.000444/2023-72,TED,MINISTÉRIO DA SAÚDE,TED MS,108/2023,Ensino,2024-01-10,2026-06-19,"Atenção, Promoção, Vigilâncias, Geração De Conhecimentos E Formação Para O Sus",5123000.0,5019236.06,256150.0,4537505.4,139970.0,341760.66,341760.66,0.0,90.4,5.0
32,GEREB-009-FIO-24,Territórios Saudáveis E Sustentáveis Na Promoção Do Cuidado: Abordagem Interseccional E Intersetorial Na Promoção Da Saúde.,"Desenvolver Processos De Formação-Ação, Numa Abordagem Interseccional E Intersetorial, Junto Aos Territórios, Visando A Promoção Da Saúde E Estimular E Fortalecer Territórios Saudáveis E Sustentáveis Na Promoção Do Cuidado Com Equidade E O Protagonismo Popular Na Integração Com O Sus.",André Luiz Dutra Fenner,PSAT,25027.000367/2023-51,TED,MINISTÉRIO DA SAÚDE,TED MS,168/2023,Ensino,2024-01-12,2028-01-12,"Atenção, Promoção, Vigilâncias, Geração De Conhecimentos E Formação Para O Sus",24300010.0,20314615.68,6060007.0,11206819.27,2342884.88,6764911.53,6764911.53,0.0,55.17,24.94
33,GEREB-011-FIO-24,Diagnóstico E Análise Da Transformação Digital Em Saúde No Brasil: Usos Atuais E Políticas Regulatórias,"Analisar Criticamente Os Instrumentos Atualmente Vigentes E Propor O Desenho Institucional E Regulatório De Saúde Digital No Estado Brasileiro, Por Meio Do Desenvolvimento De Diagnóstico Abrangente E De Propostas Normativas E Técnicas De Aperfeiçoamento E Atualização Visando Uma Regulação Estatal Adequada Para Garantir A Qualidade, A Segurança, A Eficácia E A Boa Governança Da Saúde Digital No Brasil.",Manoel De Araújo Amorim,NETHIS,25027.000438/2023-15,TED,MINISTÉRIO DA SAÚDE,TED MS,120/2023,Desenvolvimento Científico E Tecnológico,2024-01-16,2026-06-21,"Atenção, Promoção, Vigilâncias, Geração De Conhecimentos E Formação Para O Sus",1850253.0,1989500.54,0.0,1973991.68,13573.34,1935.52,1935.52,0.0,99.22,0.0
34,GEREB-010-FIO-24,Formação Em Políticas Públicas De Saúde Na Área De Concentração De Avaliação De Tecnologias Em Saúde (Mestrado Turma Ats),Formar Profissionais Para Utilizar A Avaliação De Tecnologias Em Saúde Na Tomada De Decisão No Âmbito Do Sistema Único De Saúde (Sus).,Flávia Tavares Silva Elias,PEPTS,25027.000356/2023-71,TED,MINISTÉRIO DA SAÚDE,TED MS,137/2023,Ensino,2024-01-12,2027-06-20,Inovação E Complexo Produtivo Em Saúde,2461725.0,2707527.45,125225.0,1285564.35,153987.43,1267975.67,1267975.67,0.0,47.48,5.09
35,GEREB-012-FIO-24,Estratégia De Enfrentamento Ao Racismo Na Saúde,"Fortalecimento Da Política Nacional Da Saúde Integral Da População Negra, Desenvolver E Monitorar As Ações Voltadas Para O Enfrentamento Ao Racismo.",Denise Oliveira E Silva,PALIN,25027.000448/2023-51,TED,MINISTÉRIO DA SAÚDE,TED de SUPORTE,166/2023,Pesquisa,2024-01-24,2027-01-24,"Atenção, Promoção, Vigilâncias, Geração De Conhecimentos E Formação Para O Sus",32210366.0,18517035.06,14952566.02,18091623.64,385545.8,39865.62,39865.62,0.0,97.7,46.42
36,GEREB-013-FIO-24,Fortalecimento Do Acesso A Plantas Medicinais E Fitoterápicos No Sus.,Fortalecimento Da Política Nacional De Plantas Medicinais E Fitoterápicos No Sus.,Wagner de Jesus Martins,COLABORATÓRIO,25027.000445/2023-17,TED,MINISTÉRIO DA SAÚDE,TED MS,142/2023,Extensão,2024-01-24,2028-01-24,"Atenção, Promoção, Vigilâncias, Geração De Conhecimentos E Formação Para O Sus",9000000.0,4275164.86,5000000.0,3598307.85,605059.13,71797.88,71797.88,0.0,84.17,55.56
37,GEREB-014-FIO-24,"Fortalecimento Da Rede De Atenção Psicossocial No Sistema Único De Saúde: Gestão, Formação E Pesquisa.","Apoiar A Reestruturação E O Fortalecimento Da Política Nacional De Saúde Mental, Álcool E Outras Drogas Na Rede De Atenção Psicossocial, Por Meio Da Formação, Monitoramento E Pesquisa, Com Foco Na Equidade E Na Qualidade Do Cuidado.",André Vinícius Pires Guerrero,NUSMAD,25027.000407/2023-64,TED,MINISTÉRIO DA SAÚDE,TED de SUPORTE,86/2023,Pesquisa,2024-01-29,2028-01-29,"Atenção, Promoção, Vigilâncias, Geração De Conhecimentos E Formação Para O Sus",46838859.0,31841001.55,17865457.01,18777328.0,3268655.92,9795017.63,9795017.63,0.0,58.97,38.14
38,GEREB-017-FIO-24,Cidades Saudáveis É Promoção Da Saúde: Formação De Lideranças Sociais E Conselheiros E Conselheiras De Saúde Para Participação E O Controle Social,"Desenvolver Processo Formativo, Pautado Nos Princípios Da Educação Popular Em Saúde, Como Uma Ferramenta Para O Fortalecimento Da Participação E Controle Social, Por Meio Do Acolhimento E Troca De Saberes Como Estratégia Para Ressignificação E Protagonismo De Lideranças Comunitárias, Conselheiras E Conselheiros De Saúde, Com Destaque A Proteção De Populações Em Situação De Vulnerabilidade Social E Econômica.",Osvaldo Peralta Bonetti,ANGICOS,25027.000234/2024-65,EMENDA PARLAMENTAR,DEP. ANA PAULA LIMA,,4310004,Ensino,2024-07-01,2026-07-01,"Ciência, Tecnologia, Saúde E Sociedade",500000.0,526389.61,0.0,525086.04,0.0,1303.57,1303.57,0.0,99.75,0.0
39,GEREB-018-FIO-24,"Casaaben E Centro De Memória – Formação, Comunicação E Informatização","Fomentar O Processo De Resgate, Registro Catalogação, Manutenção, Atualização E O Fortalecimento Da Memória Histórica Da Enfermagem Brasileira, Por Meio Da Caminhada Organizativa Da Categoria Junto À Aben, Como Também, Promover A Educação Permanente, Comunicação E Informação Acerca Da Enfermagem.",Osvaldo Peralta Bonetti,ANGICOS,25027.000178/2024-69,EMENDA PARLAMENTAR,DEP. CARMEN ZANOTTO,,2950003,Pesquisa,2024-07-01,2026-07-01,"Ciência, Tecnologia, Saúde E Sociedade",1000000.0,870918.3,154999.98,445868.2,27000.0,398050.1,398050.1,0.0,51.2,15.5
40,GEREB-019-FIO-24,Trajetórias E Travessias - Formação De Conselheiras E Conselheiros De Saúde E De Liderança Sociais E Populares Para O Controle Social Na Área De Saúde,"Desenvolver Processo Formativo, Orientados Pelas Políticas De Educação Popular Em Saúde E Educação Permanente Para O Controle Social, Como Ferramentas Pedagógicas E Estratégicas De Fortalecimento Da Participação E Controle Social, Com Acolhimento, Troca De Saberes E Impulsionamento Do Protagonismo De Lideranças Comunitárias, Conselheiras E Conselheiros De Saúde, Com Destaque A Proteção De Populações Vulneráveis.",Osvaldo Peralta Bonetti,ANGICOS,25027.000267/2024-13,EMENDA PARLAMENTAR,DEP. DENISE PESSOA,,43530010,Ensino,2024-07-02,2026-07-02,"Ciência, Tecnologia, Saúde E Sociedade",2000000.0,2130411.01,10000.0,1467652.28,166018.8,496739.93,496739.93,0.0,68.89,0.5
41,GEREB-020-FIO-24,A Gente Quer A Vida Como A Vida Quer: A Formação-Ação De Agentes Populares De Equidade Em Saúde No Rio Grande Do Sul,"Formação-Ação Para Agentes Populares De Equidade Em Saúde No Rio Grande Do Sul Abordando A Promoção Da Saúde Com Equidade, Visando Reduzir As Vulnerabilidades E Construindo O Bem Viver Junto Aos Territórios E Comunidades.",André Luiz Dutra Fenner,PSAT,25027.000109/2024-55,EMENDA PARLAMENTAR,DEP. DAIANA SANTOS,,43320013,Ensino,2024-07-02,2026-07-02,"Atenção, Promoção, Vigilâncias, Geração De Conhecimentos E Formação Para O Sus",1500000.0,1560675.87,2000.0,1104867.05,103689.54,352119.28,352119.28,0.0,70.79,0.13
42,GEREB-023-FIO-24,Fortalecimento Das Políticas De Defesa E De Promoção Dos Direitos Humanos Para Os Povos Indígenas Do Estado De Roraima,Reforçar A Rede De Proteção E A Assistência Humanitária Para Apoio Às Pessoas Yanomami E Demais Comunidades Indígenas Em Boa Vista/Rr.,Bruno Leonardo Alves De Andrade,ASSESSORIAS,25027.000286/2024-31,TED,MINISTÉRIO DOS DIREITOS HUMANOS E DA CIDADANIA,TED MDHC,01/2024,Extensão,2024-07-09,2027-07-02,"Atenção, Promoção, Vigilâncias, Geração De Conhecimentos E Formação Para O Sus",10913167.94,9452167.92,2430322.12,5845803.14,619157.21,2987207.57,2987207.57,0.0,61.85,22.27
43,GEREB-025-FIO-24,Projeto Marta (Manejo Do Risco De Câncer Cervical): Avaliação Do Tratamento E Adesão De Novas Tecnologias,"Avaliar Novas Estratégias De Rastreio, Triagem E Tratamento Cervical Baseados Em Hpv, Em Amostra Autocoletada, Em Serviços Na Comunidade, Na População Feminina Atendida No Sus E/Ou Em Condições De Vulnerabilidade E Que, Também, Têm Risco Acrescido De Desenvolvimento Do Câncer Do Colo Do Útero.",José Antonio Silvestre Fernandes Neto,ASSESSORIAS,25027.000256/2024-25,EMENDA PARLAMENTAR,DEP. REGINALDO VERAS,,44490015,Pesquisa,2024-07-10,2026-07-10,"Ciência, Tecnologia, Saúde E Sociedade",1000000.0,1022665.5,0.0,819987.31,50594.65,152083.54,152083.54,0.0,80.18,0.0
44,GEREB-027-FIO-24,Inclusão E Participação Social - Formação De Lideranças Sociais E Conselheiros E Conselheiras De Saúde Para O Controle Social E A Defesa Do Sus.,"Incentivar Processos Formativos De Lideranças Sociais E De Conselheiras E Conselheiros De Saúde, Em Sintonia Com Os Princípios Da Educação Popular Em Saúde E Da Educação Permanente Para O Controle Social No Sus, Visando Fortalecer A Participação Da Sociedade Nos Processos De Formulação E Deliberação Acerca Das Políticas Públicas, Com Foco, Especial Em Promover A Emancipação E Cidadania De Populações Vulnerabilizadas.",Osvaldo Peralta Bonetti,ANGICOS,25027.000245/2024-45,EMENDA PARLAMENTAR,DEP. JACK ROCHA,,4370003,Ensino,2024-07-11,2026-07-11,"Ciência, Tecnologia, Saúde E Sociedade",2300000.0,1331318.77,1100000.0,1190046.33,34800.0,106472.44,106472.44,0.0,89.39,47.83
45,GEREB-031-FIO-24,Formação De Lideranças Sociais De São Paulo Para Participação E Controle Social Em Defesa Do Sus: Troca De Saberes E O Protagonismo Das Mulheres,"Fortalecer O Processo Formativo Embasado Nos Princípios Da Educação Popular Em Saúde, Como Meio Para Promover A Participação E O Controle Social, Utilizando O Acolhimento E A Troca De Saberes Como Estratégias Para A Ressignificação E O Protagonismo Das Lideranças Comunitárias, Conselheiras E Conselheiros De Saúde, Especialmente As Mulheres, Na Luta Em Defesa Do Sus, No Estado De São Paulo.",Osvaldo Peralta Bonetti,ANGICOS,25027.000264/2024-71,EMENDA PARLAMENTAR,DEP. JULIANA CARDOSO,,44020014,Ensino,2024-07-12,2026-07-12,"Ciência, Tecnologia, Saúde E Sociedade",3900000.0,3480572.31,750000.0,2493694.24,246905.92,739972.15,739972.15,0.0,71.65,19.23
46,GEREB-030-FIO-24,Cartografando As Pautas Da Saúde No Percurso De Fortalecimento Do Sus,Contribuir Com A Produção Do Conhecimento Acerca Das Pautas Legislativas Implicadas Com O Fortalecimento Do Sus.,Osvaldo Peralta Bonetti,ANGICOS,25027.000266/2024-61,EMENDA PARLAMENTAR,DEP. ANA PIMENTEL,,43020022,Ensino,2024-07-12,2026-12-12,"Atenção, Promoção, Vigilâncias, Geração De Conhecimentos E Formação Para O Sus",300000.0,321332.07,1000.0,179898.91,40500.0,100933.16,100933.16,0.0,55.99,0.33
47,GEREB-035-FIO-24,"Protagonismo Jovem - Feiras, Hortos, Saúde Integral, Cultura, Comunicação E Mobilização Social","Promover O Protagonismo Jovem Integrando Práticas Nos Territórios Sociais Do Df E Ações Comunicacionais - Como As Feiras E Hortos Podem Ser Instrumentos De Promoção Da Saúde Integral, Da Cultura E Da Comunicação No Distrito Federal?",André Vinícius Pires Guerrero,NUSMAD,25027.000257/2024-70,EMENDA PARLAMENTAR,DEP. ERIKA KOKAY,,28260008,Ensino,2024-07-16,2026-07-16,"Atenção, Promoção, Vigilâncias, Geração De Conhecimentos E Formação Para O Sus",300000.0,315648.1,1000.0,269435.32,4070.0,42142.78,42142.78,0.0,85.36,0.33
48,GEREB-036-FIO-24,"Ações De Educação Permanente Em Saúde: Cuidados, Bem Viver, Liberdade E Democracia Como Atributos Éticos Da Educação E Do Trabalho No Sus","Promover Processos De Educação Permanente Em Saúde, Contemplando Curso Formação, Seminários, Oficinas, Congressos, Como Também Promover Estratégias De Comunicação E Sistematização Do Conhecimento, Articulando A Rede Sus, Como Também, Parcerias Internacionais Estratégicas.",Osvaldo Peralta Bonetti,ANGICOS,25027.000252/2024-47,EMENDA PARLAMENTAR,DEP. DAIANA SANTOS,,43320013,Ensino,2024-07-17,2026-07-17,"Ciência, Tecnologia, Saúde E Sociedade",600000.0,582833.9,44500.01,153812.89,0.0,429021.01,429021.01,0.0,26.39,7.42
49,GEREB-028-FIO-24,Promoção Da Saúde Do Campo: As Feiras De Saberes E Sabores Na Formação-Ação Dos Apsc,Contribuir Na Formação-Ação Dos Apsc Com A Construção De Conhecimentos E Troca De Saberes E Sabores Da Agricultura Camponesa Dos Assentados E Assentadas Da Ra Na Sua Inter-Relação Com A Promoção Da Saúde,André Luiz Dutra Fenner,PSAT,25027.000185/2024-61,EMENDA PARLAMENTAR,DEP. NILTO TATTO,,37350005,Ensino,2024-07-11,2027-01-11,"Atenção, Promoção, Vigilâncias, Geração De Conhecimentos E Formação Para O Sus",1000000.0,779196.65,250000.0,674807.52,10000.0,94389.13,94389.13,0.0,86.6,25.0
50,GEREB-037-FIO-24,Fortalecimento Da Rede De Hortos Agroflorestais Medicinais Biodinâmicos (Rhamb) No Sus Como Tecnologia Em Saúde Para Implementação De Práticas Integrativas E Promoção À Saúde Em Territórios Em Situação De Vulnerabilidade Social No Distrito Federal,Fortalecer A Rede Colaborativa Entre Os Hortos Agroflorestais Medicinais Biodinâmicos (Rhamb) Nos Serviços De Saúde Da Secretaria De Estado Da Saúde Do Distrito Federal (Ses/Df).,Wagner de Jesus Martins,COLABORATÓRIO,25027.000281/2024-17,EMENDA PARLAMENTAR,DEP. ERIKA KOKAY,,28260008,Pesquisa,2024-07-17,2026-07-17,Saúde E Sustentabilidade Socioambiental,550000.0,579094.37,1650.0,476106.7,47000.0,55987.67,55987.67,0.0,82.22,0.3
51,GEREB-043-FIO-24,Territórios Sustentáveis E Saudáveis Nas Periferias – Cmp/Sp,"Promover A Saúde Das Populações Vulnerabilizadas, Prioritariamente, Alicerçando-Se Na Tecnociência Solidária E Nas Práticas Integrativa E Complementares Em Saúde Para O Enfrentamento Da Fome E A Insegurança Alimentar E Nutricional Nos Territórios Urbanos.",Wagner de Jesus Martins,COLABORATÓRIO,25027.000285/2024-97,EMENDA PARLAMENTAR,DEP. VICENTINHO,,19970005,Pesquisa,2024-07-25,2026-09-24,Saúde E Sustentabilidade Socioambiental,850000.0,599049.25,317116.75,391683.01,61900.0,145466.24,145466.24,0.0,65.38,37.31
52,GEREB-040-FIO-24,"Quintais Produtivos E Desenvolvimento Territorial Saudável, Sustentável E Solidário Do Território Pernambucano.","Promover O Uso Saudável, Sustentável E Solidário Dos Territórios, A Partir Da Ativação E Fortalecimento De Processos De Governança Territorial Para Promoção Da Saúde, Soberania Alimentar E Geração De Renda, Com Foco Nos Quintais Produtivos Agroecológicos E Práticas Populares Em Saúde Desenvolvidas Pelas Unidades Produtivas Familiares Pernambucanas.",Wagner de Jesus Martins,COLABORATÓRIO,25027.000296/2024-77,EMENDA PARLAMENTAR,DEP. CARLOS VERAS,,39310004,Pesquisa,2024-07-19,2027-07-19,Saúde E Sustentabilidade Socioambiental,1000000.0,785953.33,250000.0,549977.88,41000.0,194975.45,194975.45,0.0,69.98,25.0
53,GEREB-045-FIO-24,"Formação-Ação Sindical: O Fórum De Saúde, Trabalho E Direito Do Distrito Federal E Região",Desenvolver Estratégias De Promoção Da Saúde Associadas Ao Trabalho.,Jorge Mesquita Huet Machado,PSAT,25027.000319/2024-43,EMENDA PARLAMENTAR,DEP. DAIANA SANTOS,,28260008,Ensino,2024-07-25,2027-07-25,"Atenção, Promoção, Vigilâncias, Geração De Conhecimentos E Formação Para O Sus",500000.0,539390.84,1000.0,450428.56,27700.0,61262.28,61262.28,0.0,83.51,0.2
54,GEREB-038-FIO-24,Integrando Saúde: Formação-Ação Em Práticas Integrativas No Df,Desenvolver Ações De Formação-Ação Em Práticas Integrativas E Complementares Em Saúde,André Luiz Dutra Fenner,PSAT,25027.000300/2024-05,EMENDA PARLAMENTAR,DEP. DAIANA SANTOS,,28260008,Ensino,2024-07-18,2027-01-18,"Atenção, Promoção, Vigilâncias, Geração De Conhecimentos E Formação Para O Sus",1000000.0,1100035.88,1000.0,605685.48,68600.0,425750.4,425750.4,0.0,55.06,0.1
55,GEREB-044-FIO-24,"Quintais Produtivos E Território Saudáveis, Sustentáveis E Solidários Das Mulheres Camponesas - Marcha Das Margaridas.","Valorar O Uso Dos Quintais Produtivos Saudáveis, Solidários E Sustentáveis A Partir Da Ativação E Fortalecimento De Processos Formativos Para As Unidades Agrícolas Familiares.",Wagner de Jesus Martins,COLABORATÓRIO,25027.000307/2024-19,EMENDA PARLAMENTAR,DEP. BOHN GASS,,28620022,Pesquisa,2024-07-25,2026-10-25,"Ciência, Tecnologia, Saúde E Sociedade",250000.0,258339.84,12500.0,131604.52,17400.0,109335.32,109335.32,0.0,50.94,5.0
56,GEREB-039-FIO-24,Escola De Promotores Populares Em Saúde No Rio Grande Do Sul,"Formar Uma Rede Intersetorial Com Diversos Atores Da Sociedade Civil Organizada, Dos Movimentos Sociais, De Estudantes, De Gestores, De Trabalhadores E Profissionais De Saúde, Por Meio De Atividades E Ações Como Reuniões, Oficinas E Rodas De Conversa No Estado Do Rio Grande Do Sul.",Osvaldo Peralta Bonetti,ANGICOS,25027.000273/2024-62,EMENDA PARLAMENTAR,DEP. BOHN GASS,,28620022,Ensino,2024-07-18,2026-07-18,"Atenção, Promoção, Vigilâncias, Geração De Conhecimentos E Formação Para O Sus",950000.0,660508.64,300000.0,149874.65,31671.58,478962.41,478962.41,0.0,22.69,31.58
57,GEREB-033-FIO-24,"Territórios Saudáveis, Sustentável E Solidário Em Território Rural E Urbano No Pará (Tss-Pa)","Promover A Saúde Das Populações Vulnerabilizadas, Prioritariamente, Alicerçando-Se Na Tecnociência Solidária E Nas Práticas Ntegrativa E Complementares Em Saúde Para O Enfrentamento Da Fome E A Insegurança Alimentar E Nutricional Nos Territórios Rurais E Urbanos",Wagner de Jesus Martins,COLABORATÓRIO,25027.000293/2024-33,EMENDA PARLAMENTAR,DEP. AIRTON FALEIRO,,39010009,Extensão,2024-07-16,2027-01-16,"Saúde, Estado E Cooperação Internacional",650000.0,654965.91,32500.0,452191.13,24000.0,178774.78,178774.78,0.0,69.04,5.0
58,GEREB-041-FIO-24,"Plantando Saúde, Plantando Árvores A Formação Dos Agentes Populares Em Saúde Do Campo No Estado Do Rio Grande Do Sul",Qualificar Os Agentes Populares Em Saúde Do Campo Para Atuarem Como Multiplicadores E Formadores Do Processo De Mudança Nas Práticas De Cuidadoscom O Território Na Perspectiva Da Promoção Da Saúde E Da Agroecologia Nos Territórios Da Reforma Agrária No Estado Do Rio Grande Do Sul.,André Luiz Dutra Fenner,PSAT,25027.000280/2024-64,EMENDA PARLAMENTAR,DEP. MARIA DO ROSÁRO,,19830007,Extensão,2024-07-25,2027-01-25,"Atenção, Promoção, Vigilâncias, Geração De Conhecimentos E Formação Para O Sus",600000.0,619628.05,1000.0,447997.21,0.0,171630.84,171630.84,0.0,72.3,0.17
59,GEREB-048-FIO-24,Promoção Da Saúde E Tecnologias Sociais De Saneamento Rural Com Interações Agroecológicas,Desenvolver Estratégias De Formação-Ação Para A Promoção Da Saúde Associadas Ao Turismo De Base Comunitária.,Jorge Mesquita Huet Machado,PSAT,25027.000271/2024-73,EMENDA PARLAMENTAR,DEP. ODAIR CUNHA,,14070012,Extensão,2024-08-05,2026-08-05,"Atenção, Promoção, Vigilâncias, Geração De Conhecimentos E Formação Para O Sus",400000.0,418628.87,1000.0,413746.45,0.0,4882.42,4882.42,0.0,98.83,0.25
60,GEREB-049-FIO-24,Formação-Ação Em Promoção Da Saúde Das Populações Do Campo Nas Comunidades No Noroeste De Minas Gerais,"Desenvolver Ações E Estratégias De Atenção Integral E Promoção Da Saúde Das Populações Do Campo, Das Florestas E Das Águas.",Jorge Mesquita Huet Machado,PSAT,25027.000298/2024-66,EMENDA PARLAMENTAR,DEP. ROGÉRIO CORREIA,,40640003,Ensino,2024-08-05,2026-08-05,"Atenção, Promoção, Vigilâncias, Geração De Conhecimentos E Formação Para O Sus",450000.0,463389.57,6180.0,442597.31,4000.0,16792.26,16792.26,0.0,95.51,1.37
61,GEREB-050-FIO-24,"Quintais Produtivos E Desenvolvimento Territorial Saudável, Sustentável E Solidário No Território Bahiano","Promover O Uso Saudável, Sustentável E Solidário Dos Territórios, A Partir Da Ativação E Fortalecimento De Processos De Governança Territorial Para Promoção Da Saúde, Soberania Alimentar E Geração De Renda, Através Das Práticas Populares Em Saúde Desenvolvidas Pelas Unidades Produtivas Familiares Da Região.",Wagner de Jesus Martins,COLABORATÓRIO,25027.000297/2024-11,EMENDA PARLAMENTAR,DEP. DANIEL ALMEIDA,,13390005,Pesquisa,2024-08-06,2026-11-06,Saúde E Sustentabilidade Socioambiental,300000.0,273975.45,44800.0,150581.02,28600.0,94794.43,94794.43,0.0,54.96,14.93
62,GEREB-051-FIO-24,Mãe Nitinha: Um Legado De Tradição E Amorosidade Na Promoção De Cuidado,"Apoiar A Pesquisa E O Registro Sobre A Vida E A Trajetória De Aeronithes Conceição Chagas – Yiá Nitinha De Oxum No Ilê Axé Ya Nassô Osum, Como Mulher, Liderança Política, Religiosa E Cultural Que Por Mais De Seis Décadas Dirigiu Um Espaço De Terreiro De Tradição De Matriz Africana Que Segue Acolhendo, Alimentando E Fortalecendo A Identidade Cultural, A Existência E A Promoção De Saúde E Cuidado Das Pessoas Moradoras Da Comunidade De Miguel Couto, No Município De Nova Iguaçu E Adjacências.",Denise Oliveira E Silva,PALIN,25027.000333/2024-47,EMENDA PARLAMENTAR,DEP. HENIRQUE VIEIRA/TALÍRIA PETRONE,,40700017/44420003,Pesquisa,2024-08-06,2026-08-06,Saúde E Sustentabilidade Socioambiental,850000.0,867099.18,25000.0,720235.89,4000.0,142863.29,142863.29,0.0,83.06,2.94
63,GEREB-052-FIO-24,Formação De Promotores De Saúde Em Defesa Dos Direitos Humanos Da Pessoa Idosa E Com Deficiências,"Desenvolver Um Programa Educacional À Distância Pelo Sistema Una-Sus Destinado A Conselheiros, Líderes Comunitários, Gestores, Pessoas Idosas E Pessoas Com Deficiência Para Atuarem Como Promotores De Saúde Em Defesa Dos Direitos Humanos Da Pessoa Idosa E Com Deficiências.",Kellen Cristina Da Silva Gasque,UNASUS,25027.000278/2024-95,TED,MINISTÉRIO DOS DIREITOS HUMANOS E DA CIDADANIA,TED MDHC,12/2024,Ensino,2024-08-08,2026-06-14,"Saúde, Estado E Cooperação Internacional",400000.0,420736.67,0.0,420565.0,0.0,171.67,171.67,0.0,99.96,0.0
64,GEREB-053-FIO-24,Implementação De Hortas Tradicionais Para A Promoção Da Alimentação Adequada E Saudável Em Terreiros Religiosos De Matriz Africana,"Implementar Hortas Comunitárias Em Terreiros De Matriz Africana Para A Promoção Da Soberania, Segurança Alimentar E Nutricional E Saúde.",Denise Oliveira E Silva,PALIN,25027.000335/2024-36,EMENDA PARLAMENTAR,DEP. TARCÍSIO MOTTA,,44830011,Pesquisa,2024-08-12,2026-08-12,Saúde E Sustentabilidade Socioambiental,300000.0,313652.14,0.0,306723.72,0.0,6928.42,6928.42,0.0,97.79,0.0
65,GEREB-046-FIO-24,"Conexões De Saberes Iii – Ações De Formação, Pesquisa, Inovação Tecnológica E Aplicação Referenciadas Na Educação Popular Em Saúde E Na Promoção Da Equidade","Implementar Processos Educativos, De Pesquisa, Inovação  Tecnológica E Promoção Da Equidade, Referenciados Na Educação Popular Em Saúde, Contribuindo Com O Resgate E Implementação Da  Política Nacional De Educação Popular Em Saúde No Sistema Único De Saúde, Contribuindo Com A Estruturação De Uma Rede De  Educadores(As) Implicados(As) Com A Defesa Do Sus, Da Democracia E Da Equidade.",Osvaldo Peralta Bonetti,ANGICOS,25027.000270/2024-29,EMENDA PARLAMENTAR,DEP. ERIKA KOKAY,,28260008,Ensino,2024-07-29,2026-07-29,"Atenção, Promoção, Vigilâncias, Geração De Conhecimentos E Formação Para O Sus",8344584.0,7754207.15,1169584.0,6596696.71,246972.98,910537.46,910537.46,0.0,85.07,14.02
66,GEREB-055-FIO-24,Ações De Promoção Da Política Nacional De Educação Popular Em Saúde No Sistema Único De Saúde,"Contribuir Com O Departamento De Gestão Interfederativa E Participativa Da Secretaria Executiva, Do Ministério Da Saúde (Dgip/Se/Ms) No Processo De Fortalecimento Da Política Nacional De Educação Popular Em Saúde No Âmbito Do Sistema Único De Saúde (Pneps-Sus), Por Meio De Ações De Formação E Mobilização Popular.",Osvaldo Peralta Bonetti,ANGICOS,25027.000282/2024-53,TED,MINISTÉRIO DA SAÚDE,TED MS,21/2024,Ensino,2024-08-20,2026-08-20,"Atenção, Promoção, Vigilâncias, Geração De Conhecimentos E Formação Para O Sus",7000000.0,5262607.7,2000000.0,4312945.39,79812.16,869850.15,869850.15,0.0,81.95,28.57
67,GEREB-056-FIO-24,"Subsídios Para A Formulação De Políticas Públicas Para Promoção Da Saúde E Da Soberania, Segurança Alimentar E Nutricional Em Comunidades E Povos De Terreiros Religiosos Na Ride-Df","Apresentar Subsídios Para Caracterizar Comunidades E Povos De Terreiros Religiosos De Matriz Africana Da Ride-Df Como Equipamentos Públicos De Promoção A Saúde, Soberania, Segurança Alimentar E Nutricional.",Denise Oliveira E Silva,PALIN,25027.000334/2024-91,EMENDA PARLAMENTAR,DEP. ERIKA KOKAY,,28260008,Pesquisa,2024-10-09,2026-10-09,Saúde E Sustentabilidade Socioambiental,1700000.0,780910.77,950000.0,619332.76,190920.0,51658.01,-29341.99,81000.0,79.31,55.88
68,GEREB-058-FIO-24,Fortalecimento Da Política De Enfrentamento Ao Superencarceramento E Fomento À Reintegração Social - Alternativas Penais,"Desenvolver E Aplicar Estratégias De Apoio À Gestão, Inovação, Formação, Pesquisa E Divulgação De Conhecimento Para O Fortalecimento E Regionalização Das Alternativas Ao Cárcere E Da Reintegração Social.",André Vinícius Pires Guerrero,NUSMAD,25027.000308/2024-63,TED,MINISTÉRIO DA JUSTIÇA E SEGURANÇA PÚBLICA,TED MJSP,28763109/2024,Extensão,2024-10-21,2027-10-21,"Ciência, Tecnologia, Saúde E Sociedade",15012998.4,3315789.59,12068187.11,2014117.46,181000.0,1120672.13,1120672.13,0.0,60.74,80.38
69,GEREB-060-FIO-24,"Rua Sentinela: Monitoramento E Fortalecimento Das Políticas Públicas Do Sus E Do Suas Para A População Em Situação De Rua, Nos Territórios.","Promover A Melhoria Do Acesso A Serviços Públicos No Sus E No Suas, Para A População Em Situação De Rua (Psr), Por Meio Do Fortalecimento Das Políticas Públicas, Do Monitoramento Eficaz E Da Promoção De Ações Integradas E Colaborativas.",José Antonio Silvestre Fernandes Neto,ASSESSORIAS,25027.000356/2024-51,EMENDA PARLAMENTAR,DEP. ERIKA HILTON,,43680013,Pesquisa,2024-12-09,2026-12-09,"Atenção, Promoção, Vigilâncias, Geração De Conhecimentos E Formação Para O Sus",1000000.0,720102.09,301000.0,629273.54,148932.73,-58104.18,-58104.18,0.0,87.39,30.1
70,GEREB-059-FIO-24,Desenvolvimento Agrário E Promoção Da Saúde: Construindo Participação Social E Incidência Política,"Apoiar Ações De Mobilização E Participação Social, Junto As 27 (Vinte E Sete) Unidades Federativas, Envolvendo As Temáticas Do Desenvolvimento Agrário, Da Agricultura Familiar E Da Promoção A Saúde",André Luiz Dutra Fenner,PSAT,25027.000402/2024-12,TED,MINISTÉRIO DO DESENVOLVIMENTO AGRÁRIO E AGRICULTURA FAMILIAR,TED MDA,30879420240057-00361,Ensino,2024-12-05,2026-06-05,"Atenção, Promoção, Vigilâncias, Geração De Conhecimentos E Formação Para O Sus",4605581.0,3806690.82,1000000.0,3455240.2,153000.0,198450.62,198450.62,0.0,90.77,21.71
71,GEREB-061-FIO-24,Estudo E Pesquisa Para Atualização Da Política Nacional De Atenção Integral Da Saúde Da Mulher,Sistematizar Subsídios Técnicos Para A Atualização Da Pnaism De Modo Alinhado Às Demandas Sociais E Sanitárias Da Atualidade.,Tainá Raiol Alencar,NUSAME,25027.000400/2024-23,TED,MINISTÉRIO DA SAÚDE,TED MS,55/2024,Pesquisa,2024-12-11,2027-03-02,"Atenção, Promoção, Vigilâncias, Geração De Conhecimentos E Formação Para O Sus",4024057.0,4027567.64,120722.0,3771535.32,200900.0,55132.32,55132.32,0.0,93.64,3.0
72,GEREB-062-FIO-24,Estratégia Intersetorial De Bioeconomia Das Plantas Medicinais Na Agricultura Familiar: Etapa Capacitações E Quintais Produtivos,Fortalecer A Cadeia De Valor Das Plantas Medicinais Por Meio De Sistemas Agroflorestais/Agroecológicos.,Wagner de Jesus Martins,COLABORATÓRIO,25027.000224/2024-20,TED,MINISTÉRIO DO DESENVOLVIMENTO AGRÁRIO E AGRICULTURA FAMILIAR,TED MDA,30879420240025-00292,Pesquisa,2024-12-19,2027-05-28,Saúde E Sustentabilidade Socioambiental,1795300.0,1522918.12,395300.0,980113.95,131000.0,411804.17,411804.17,0.0,64.36,22.02
73,GEREB-069-FIO-24,Atenção Psicossocial E Saúde Mental Em Situações De Desastres E Emergências Em Saúde Pública: Apoio Aos Trabalhadores E Gestores No Rs.,"Desenvolver Um Programa Que Contemple Ações De Formação Em Saúde Mental, Promoção, Prevenção E Cuidado Em Saúde Mental De Trabalhadores Que Integram As Equipes Dos Serviços Da Raps E Gestores, Após As Vivências No Desastre Ambiental Ocorrido Nos Meses De Abril E Maio Deste Ano No Rs.",André Vinícius Pires Guerrero,NUSMAD,25027.000524/2024-17,TED,MINISTÉRIO DA SAÚDE,TED MS,119/2024,Ensino,2024-12-30,2026-08-08,"Atenção, Promoção, Vigilâncias, Geração De Conhecimentos E Formação Para O Sus",2819334.67,2924503.35,19334.66,2244930.39,56400.0,623172.96,623172.96,0.0,76.76,0.69
74,GEREB-070-FEX-24,"Colab-Pis: Laboratório De Colaboração Em Ciência, Tecnologia E Inovação Em Práticas Integrativas Em Saúde Do Sus Do Distrito Federal.","Ativar O Ecossistema De Inovação Em Práticas Integrativas Em Saúde Com Ciência E Tecnologia Para Garantir Integralidade, Segurança, Sustentabilidade, Participação Social E Acesso Em Diferentes Níveis De Atenção A Partir Da Política Distrital De Práticas Integrativas Em Saúde Sistema Único De Saúde Em Territórios Do Distrito Federal.",Edward Torres Maia Torres,COLABORATÓRIO,25027.000324/2024-56,CONVÊNIO PD&I,SES/DF,,027596/2024,Desenvolvimento Científico E Tecnológico/ Estímulo À Inovação,2024-12-26,2028-12-26,"Atenção, Promoção, Vigilâncias, Geração De Conhecimentos E Formação Para O Sus",21648000.0,12920297.99,10438000.0,2440646.26,383900.0,10095751.73,10095751.73,0.0,18.89,48.22
75,GEREB-063-FIO-24,"Saúde E Proteção Social, Construídas Com Participação Da Sociedade","Desenvolver Processos Formativos Pautados Nos Princípios Da Educação Popular Em Saúde, Como Uma Ferramenta Para O Fortalecimento Da Participação E Controle Social, De Forma Intersetorial E Interseccional Por Meio Do Acolhimento E Troca De Saberes Como Estratégia De Empoderamento E Protagonismo De Lideranças Sociais E Comunitárias, Na Perspectiva De Conceito Ampliado De Saúde, Com Destaque A Proteção De Populações Em Situação De Vulnerabilidade Social E Econômica",Osvaldo Peralta Bonetti,ANGICOS,25027.000534/2024-44,EMENDA PARLAMENTAR,DEP. JACK ROCHA,,43970003,Ensino,2024-12-30,2027-06-30,"Ciência, Tecnologia, Saúde E Sociedade",5000000.0,4670548.95,560000.0,1415325.49,441569.18,2813654.28,2813654.28,0.0,30.3,11.2
76,GEREB-008-FIO-25,"Apoio E Fomento Ao Desenvolvimento De Serviços, Ações, Estudos E Informações Estratégicas Voltados À Implementação E Ao Aprimoramento Dos Processos, Projetos E Programas De Gestão Do Trabalho E Educação Na Saúde","Contribuir Com A Implementação De Ações De Desenvolvimento Institucional, De Gestão Das Políticas De Trabalho E De Educação Na Saúde, De Estudos E Pesquisas Para Aperfeiçoar Práticas E Métodos, Disseminar Informações Estratégicas De Trabalho E Educação Na Saúde Visando O Desenvolvimento Profissional Das(Os) Trabalhadoras(Es) E A Qualidade Na Prestação Dos Serviços Públicos De Saúde.",Luciana Rezende Da Silva Garcez,UNASUS,25027.000503/2024-93,TED,MINISTÉRIO DA SAÚDE,TED de SUPORTE,148/2024,Desenvolvimento Institucional,2025-01-06,2029-01-06,"Ciência, Tecnologia, Saúde E Sociedade",103000514.0,27761262.45,75603495.4,25839398.43,936821.93,985042.09,985042.09,0.0,93.08,73.4
77,GEREB-002-FIO-25,Desenvolvimento E Testagem De Política Pública Baseada Em Tecnologias Sociais De Acolhimento Para A População Lgbtqia+,"Avaliar O Uso Das Tecnologias Sociais De Acolhimento Como Política Pública Para A População Lgbtqia+, Visando Aprimorar O Suporte E A Inclusão Social.",Wagner de Jesus Martins,COLABORATÓRIO,25027.000544/2024-80,TED,MINISTÉRIO DOS DIREITOS HUMANOS E DA CIDADANIA,TED MDHC,396665900135.220785/2023-12,Pesquisa,2025-01-06,2027-06-01,"Ciência, Tecnologia, Saúde E Sociedade",1025000.0,1032172.72,3048.57,252438.89,304157.63,475576.2,475576.2,0.0,24.46,0.3
78,GEREB-003-FIO-25,Fortalecimento Das Políticas Públicas Direcionadas Aos Direitos Das Mulheres.,"Fortalecer A Atuação Do Conselho Nacional Dos Direitos Das Mulheres Nos Processos De Formulação, Articulação E Implementação De Estratégias E Políticas Públicas Para Mulheres Por Meio Do Controle Social E Da Gestão Participativa, Visando Subsidiar Decisões Governamentais Relativas À Implementação Do Plano Nacional De Políticas Para As Mulheres.",Wagner de Jesus Martins,COLABORATÓRIO,25027.000509/2024-61,TED,MINISTÉRIO DAS MULHERES,TED MMULHERES,33/2024,Pesquisa,2025-01-06,2026-11-22,Saúde E Sustentabilidade Socioambiental,4000000.0,5090749.3,20000.0,4639925.93,214700.0,236123.37,236123.37,0.0,91.14,0.5
79,GEREB-005-FIO-25,"Periferia Saudável, Sustentável E Solidária","Promover O Desenvolvimento Territorial Solidário, Saudável E Sustentável, Em Sinergia Com As Potencialidades Dos Territórios De Periferias Urbanas E Rurais, Com Foco No Desenvolvimento E Implementação De Tecnologias Sociais.",Wagner de Jesus Martins,COLABORATÓRIO,25027.000049/2024-71,TED,MINISTÉRIO DA SAÚDE,TED MS,137/2024,Extensão,2025-01-06,2028-01-06,"Ciência, Tecnologia, Saúde E Sociedade",50000000.0,6184938.12,43900000.0,3648996.14,58000.0,2477941.98,2477941.98,0.0,59.0,87.8
80,GEREB-001-FIO-25,Promoção Da Saúde E Da Igualdade Racial,Desenvolver Uma Formação-Ação Para Agentes Populares De Promoção Da Saúde E A Igualdade Racial (Appsir).,André Luiz Dutra Fenner,PSAT,25027.000533/2024-08,TED,MINISTÉRIO DA IGUALDADE RACIAL,TED MIR,32/2024,Extensão,2025-01-06,2026-07-23,"Atenção, Promoção, Vigilâncias, Geração De Conhecimentos E Formação Para O Sus",600000.0,639272.39,0.0,451630.7,52351.51,135290.18,135290.18,0.0,70.65,0.0
81,GEREB-012-FIO-25,"Apoio Na Implementação Do Programa De Avaliação, Qualificação E Monitoramento Da Atenção Especializada – Pmae - Qualidade","Apoiar A Operacionalização Programa De Avaliação, Qualificação E Monitoramento Da Atenção Especializada – Pmae - Qualidade Por Meio Da Qualificação Dos Estabelecimentos De Saúde Da Atenção Especializada, Públicos E Privados Sem Fins Lucrativos, Alinhado Às Diretrizes Da Política Nacional Da Atenção Especializada À Saúde (Pnaes), Com O Intuito De Melhorar A Qualidade Dos Serviços Prestados E Fortalecer A Gestão Em Âmbito Nacional",André Vinícius Pires Guerrero,NUSMAD,25027.000536/2024-33,TED,MINISTÉRIO DA SAÚDE,TED MS,126/2024,Ensino,2025-01-08,2029-12-12,"Atenção, Promoção, Vigilâncias, Geração De Conhecimentos E Formação Para O Sus",52597643.0,2889387.44,49967760.97,1168251.72,159300.0,1561835.72,1561835.72,0.0,40.43,95.0
82,GEREB-014-FIO-25,Etnodesenvolvimento Com A Rede De Povos E Comunidades Tradicionais Do Brasil: Inclusão Produtiva Nos Sistemas Agrícolas Tradicionais,"Contribuir Para O Etnodesenvolvimento Através Da Inclusão Produtiva Dos Sistemas Agrícolas Tradicionais E Da Gestão Territorial Por Meio Da Rede Dos Povos E Comunidades Tradicionais Do Brasil – Rede Pcts, Composta Por Organizações Que Envolvem Todos Os Segmentos De Pcts E Fomentando A Conservação De Práticas Culturais, Saberes Tradicionais E Ancestrais Na Produção De Alimentos, Na Manutenção Dos Sistemas Agrícolas Tradicionais, Na Defesa De Seus Territórios E Lideranças Comunitárias, Na Proteção Do Meio Ambiente, No Autorreconhecimento Dos Segmentos Para A Sua Inclusão E Acesso Às Políticas Públicas E Ao Exercício Pleno De Sua Cidadania.",Denise Oliveira E Silva,PALIN,25027.000512/2024-84,TED,MINISTÉRIO DO DESENVOLVIMENTO AGRÁRIO E AGRICULTURA FAMILIAR,TED MDA,30879420240059-00364,Pesquisa,2025-01-10,2027-01-10,"Atenção, Promoção, Vigilâncias, Geração De Conhecimentos E Formação Para O Sus",6340050.0,4431539.29,2000100.01,2002585.35,287140.0,2141813.94,2141813.94,0.0,45.19,31.55
83,GEREB-009-FIO-25,"Apoio Na Implementação Do Programa De Avaliação, Qualificação E Monitoramento Da Atenção Especializada – Pmae - Qualidade","Apoiar A Operacionalização Programa De Avaliação, Qualificação E Monitoramento Da Atenção Especializada – Pmae - Qualidade Por Meio Da Qualificação Dos Estabelecimentos De Saúde Da Atenção Especializada, Públicos E Privados Sem Fins Lucrativos, Alinhado Às Diretrizes Da Política Nacional Da Atenção Especializada À Saúde (Pnaes), Com O Intuito De Fins Lucrativos, Alinhado Às Diretrizes Da Política Nacional Da Atenção Especializada À Saúde (Pnaes), Com O Intuito De Melhorar A Qualidade Dos Serviços Prestados E Fortalecer A Gestão Em Âmbito Nacional.",Denise Oliveira E Silva,PALIN,25027.000543/2024-35,TED,CONAB,CONAB,39440041,Pesquisa,2025-01-08,2027-01-10,"Atenção, Promoção, Vigilâncias, Geração De Conhecimentos E Formação Para O Sus/ Saúde E Sustentabilidade Socioambiental",11150000.0,7990488.37,3276875.84,6571955.79,1887660.0,-469127.42,-469127.42,0.0,82.25,29.39
84,GEREB-013-FIO-25,O Povo Cuidando Do Povo: Formação-Ação Territorial Para Participação E Controle Social Nas Políticas Públicas,"Promover A Articulação E Fortalecer A Participação Social Nas Políticas Públicas Para A Construção De Territórios Saudáveis, Sustentáveis E Solidários (Tsss) Nas Regiões Metropolitanas De Recife No Estado De Pernambuco (Pe) E Curitiba No Estado Do Paraná (Pr).",André Luiz Dutra Fenner,PSAT,25027.000526/2024-06,TED,SECRETARIA GERAL DA PRESIDÊNCIA DA REPÚBLICA,TED SG-PR,11/2024,Ensino,2025-01-08,2026-08-03,"Atenção, Promoção, Vigilâncias, Geração De Conhecimentos E Formação Para O Sus",550000.0,584397.38,1000.02,417632.85,18200.0,148564.53,148564.53,0.0,71.46,0.18
85,GEREB-006-FIO-25,Mulheres Líderes E Ativistas: Fortalecendo A Participação Nos Espaços De Decisão De Políticas Públicas,"Promover O Engajamento Das Mulheres, Ligadas A Organizações Sociais, Órgãos Governamentais E Instituições De Apoio Que Atuam No Desenvolvimento E Articulação Da Agenda Dos Direitos Das Mulheres, Nos Processos De Formulação, Articulação E Implementação De Estratégias E Políticas Públicas Visando A Implementação De Planos E Políticas Para As Mulheres.",Wagner de Jesus Martins,COLABORATÓRIO,25027.000541/2024-46,TED,MINISTÉRIO DAS MULHERES,TED MMULHERES,42/2024,Extensão,2025-01-08,2026-07-08,"Ciência, Tecnologia, Saúde E Sociedade",16973547.0,17235766.9,0.0,16425795.35,0.0,-404169.43,809971.55,-1214140.98,95.3,0.0
86,GEREB-007-FIO-25,A Gente Quer A Vida Como A Vida Quer: A Formação-Ação De Agentes Populares De Equidade Em Saúde No Rio Grande Do Sul – Fase 2.,"Realizar A Segunda Fase Da Formação-Ação Para Agentes Populares De Saúde No Rio Grande Do Sul Abordando A Promoção Da Saúde Com Equidade Nos Territórios Vulnerabilizados Do Rio Grande Do Sul, Visando Reduzindo Os Impactos Da Enchente De 2024 E Construindo O Bem Viver.",André Luiz Dutra Fenner,PSAT,25027.000518/2024-51,EMENDA PARLAMENTAR,DEP. DAIANA SANTOS,,43320013,Ensino,2025-01-06,2027-01-06,"Atenção, Promoção, Vigilâncias, Geração De Conhecimentos E Formação Para O Sus",850000.0,607028.99,265000.0,545967.98,36200.0,24861.01,24861.01,0.0,89.94,31.18
87,GEREB-071-FEX-24,Saúde Pública De Precisão E Transformação Digital Na Saúde Do Distrito Federal.,"Apoiar A Realização De Desenvolvimento E Aplicação De Inovações Para Promoção De Saúde Pública De Precisão Através Da E Produção De Soluções Digitais Para A Plataforma De Dados Do Sistema Público De Saúde Do Distrito Federal (Sus/Df), Resultando Em Transformação Digital E Disrupção Tecnológica, Com Foco Na Efetivação Da Cidadania, Na Eficiência Da Gestão, Na Humanização E Equidade Da Assistência, Na Promoção Da Inteligência Epidemiológica.",Wagner de Jesus Martins,COLABORATÓRIO,25027.000075/2024-07,CONVÊNIO PD&I,SES/DF,,143/2024,Desenvolvimento Científico E Tecnológico/ Estímulo À Inovação,2024-12-27,2028-12-27,"Atenção, Promoção, Vigilâncias, Geração De Conhecimentos E Formação Para O Sus",13000000.0,6421331.93,6849794.67,5604702.58,763247.0,53382.35,53382.35,0.0,87.28,52.69
88,GEREB-010-FIO-25,Qualificação Profissional Para O Fortalecimento Dos Direitos Sexuais E Reprodutivos Na Atenção Primária À Saúde Do Df,"Qualificar Os Conhecimentos E Práticas Dos Profissionais De Saúde Na Atenção Primária À Saúde Do Df Sobre O Cuidado Integral À Saúde Sexual E Reprodutiva, Incluindo Os Cuidados Às Pessoas Em Situações De Abortamento E Pós-Aborto.",Luciana Sepúlveda Köptcke,EGF,25027.000364/2024-06,EMENDA PARLAMENTAR,DEP. ERIKA KOKAY,,28260001,Extensão,2025-01-10,2027-01-10,"Atenção, Promoção, Vigilâncias, Geração De Conhecimentos E Formação Para O Sus",1000000.0,344518.12,164224.0,338015.68,6000.0,502.44,502.44,0.0,98.11,16.42
90,GEREB-018-FIO-25,"Educação Permanente Em Saúde: Capacitação De Trabalhadoras(Es), Gestoras(Es) E Usuárias(Os) Do Sus","Qualificar Os Profissionais De Saúde Do Sus, Por Meio Da Produção E Oferta De Cursos E Recursos Educacionais, Da Atualização, Adaptação E Reoferta De Cursos Produzidos No Âmbito Da Rede Unasus, Demandados Pela Secretaria De Gestão Do Trabalho E Da Educação Na Saúde E Da Transposição De Cursos, Outrora Ofertados E Disponibilizados Por Outras Plataformas Educacionais Para Oferta Pela Secretaria Executiva/Unasus.",Luciana Rezende Da Silva Garcez,UNASUS,25027.000514/2024-73,TED,MINISTÉRIO DA SAÚDE,TED de SUPORTE,153/2024,Ensino,2025-03-12,2029-03-12,"Ciência, Tecnologia, Saúde E Sociedade",34797400.0,11682598.45,23397400.01,6202585.92,2129508.65,3350503.88,3350503.88,0.0,53.09,67.24
89,GEREB-017-FIO-25,Cultivando Saúde No Campo - Formação-Ação De Agentes Populares Em Saúde Do Campo (Apsc) Em São Paulo.,"Promover A Saúde No Campo Por Meio Da Formação-Ação De Agentes Populares Em Saúde Do Campo (Apsc) Com Ênfase Na Discussão Dos Sistemas Alimentares E Seus Impactos Na Saúde Das Populações Do Campo, Para Atuarem Como Multiplicadores Nos Territórios Da Reforma Agrária No Estado De Sp.",André Luiz Dutra Fenner,PSAT,25027.000289/2024-75,EMENDA PARLAMENTAR,DEP. JULIANA CARDOSO,,44020014,Ensino,2025-02-26,2026-08-26,"Atenção, Promoção, Vigilâncias, Geração De Conhecimentos E Formação Para O Sus",600000.0,148449.28,458000.0,125730.92,0.0,22718.36,22718.36,0.0,84.7,76.33
91,GEREB-020-FIO-25,O Saber E O Fazer Dos Agentes Populares Em Saúde Do Campo No Distritofederal,"Promover A Saúde No Campo Por Meio Da Formação-Ação De Agentes Populares Em Saúde Do Campo (Apsc) Com Ênfase Na Discussão Dos Sistemas Alimentares E Seus Impactos Na Saúde Das Populações Do Campo, Para Atuarem Como Multiplicadores Nos Territórios Da Reforma Agrária No Estado Do Df.",André Luiz Dutra Fenner,PSAT,25027.000301/2024-41,EMENDA PARLAMENTAR,DEP. ERIKA KOKAY,,28260001,Ensino,2025-03-12,2026-09-12,"Atenção, Promoção, Vigilâncias, Geração De Conhecimentos E Formação Para O Sus",450000.0,96194.84,356750.0,91028.66,10331.86,-5165.68,-5165.68,0.0,94.63,79.28
92,GEREB-019-FIO-25,"Estratégias De Educação E Pesquisa Para A Gestão Em Saúde Mental, Álcool E Outras Drogas","Apoiar A Implementação De Estratégias De Pesquisa E Educação Para A Qualificação Da Gestão E Da Atenção No Âmbito Da Política Nacional De Saúde Mental, Álcool E Outras Drogas Na Rede De Atenção Psicossocial, Por Meio Da Realização De Um Censo, Supervisão Institucional E Apoio Técnico.",André Vinícius Pires Guerrero,NUSMAD,25027.000535/2024-99,TED,MINISTÉRIO DA SAÚDE,TED MS,116/2024,Ensino,2024-12-09,2026-12-09,"Atenção, Promoção, Vigilâncias, Geração De Conhecimentos E Formação Para O Sus",48080942.73,24726032.7,24720942.73,11249894.92,4997465.8,8478671.98,8478671.98,0.0,45.5,51.42
93,GEREB-022-FIO-25,Projeto De Desenvolvimento Institucional Da Fiocruz Brasília - Pidi Ii,"Desenvolver E Implementar Ações Para Aumentar A Eficiência E Efetividade Da Gestão Institucional, Promovendo A Inovação Na Gestão E O Aumento Do Impacto Das Atividades Da Fiocruz Brasília Para A Comunidade Da Fiocruz, Para O Governo E Para A Sociedade.",Juliana Bezerra De Souza,GESTÃO,25027.000037/2025-27,LOA,LOA,,19/2025,Desenvolvimento Institucional,2025-04-24,2027-04-24,"Ciência, Tecnologia, Saúde E Sociedade",1000000.0,8654.46,993199.97,-3500.0,163500.0,-151345.54,-151345.54,0.0,-40.44,99.32
94,GEREB-023-FEX-25,Institucionalização Do Uso De Evidências Para A Política Nacional De Promoção Da Saúde (Pnps) - Revisões Rápidas E Desenvolvimento De Competências,Apoiar O Fortalecimento Da Capacidade Institucional Do Ministério Da Saúde Para A Incorporação De Ferramentas De Tradução Do Conhecimento Voltados Para A Promoção Da Saúde.,Jorge Otávio Maia Barreto,COLABORATÓRIO,25027.000436/2024-15,CARTA ACORDO,OPAS,,SCON2025-00031,Extensão,2025-04-18,2027-04-16,"Atenção, Promoção, Vigilâncias, Geração De Conhecimentos E Formação Para O Sus",500000.0,459200.0,40800.0,341920.0,37000.0,80280.0,80280.0,0.0,74.46,8.16
95,GEREB-021-FIO-25,Formação De Facilitadores Da Aprendizagem No Campo Da Educação Popular Em Saúde Voltada Para A Participação Social Nos Territórios,"Promover A Formação De Facilitadores De Aprendizagem No Campo Da Educação Popular Em Saúde Voltada Para A Promoção Da Participação Social Nos Territórios, Congregando Representações De Todas As Regiões Do Brasil, Considerando Suas Características Territoriais, Saberes E Práticas Locais Contribui Com O Processo De Fortalecimento Da Política Nacional De Educação Popular Em Saúde No Âmbito Do Sistema Único De Saúde (Pneps-Sus) E Do Programa De Participação Social Com Educação Popular Nos Territórios.",Osvaldo Peralta Bonetti,ANGICOS,25027.000538/2024-22,TED,SECRETARIA GERAL DA PRESIDÊNCIA DA REPÚBLICA,TED SG-PR,013/2024,Ensino,2025-05-12,2026-06-15,"Atenção, Promoção, Vigilâncias, Geração De Conhecimentos E Formação Para O Sus",411414.0,431111.48,0.0,424768.18,0.0,6343.3,6343.3,0.0,98.53,0.0
96,GEREB-024-FEX-25,Vigilância Popular No Cotidiano Da Atenção À Saúde Nos Territórios: Formação De Agentes Comunitários De Saúde E Produção De Conexões Em Linhas De Cuidado Em Agravos Prioritários No Estado Do Rio Grande Do Sul (Saúde Prá Gente),"Desenvolver O Trabalho De Vigilância Comunitária Realizado Pelos Agentes Comunitários De Saúde E Agentes Comunitários De Endemias Do Estado Do Rio Grande Do Sul E Desenvolver Tecnologias E Metodologias Para Produzir Inovações Na Atenção Básica Em Saúde Por Meio De Conexões Entre Educação, Trabalho E Participação Social Nos Territórios",Osvaldo Peralta Bonetti,ANGICOS,25027.000504/2024-38,CONVÊNIO PD&I,GRUPO HOSPITALAR CONCEIÇÃO-GHC,,001/2025,Extensão,2025-05-28,2028-05-28,Inovação E Complexo Produtivo Em Saúde,12630885.0,0.0,12630885.0,0.0,0.0,0.0,0.0,0.0,0.0,100.0
97,GEREB-026-FIO-25,"Apoio E Fomento Às Ações De Formação E Pesquisa, Visando A Qualificação E Educação Permanente Dos Profissionais Do Sistema Único De Saúde.","Implementar Ações De Apoio À Formação Profissional Dos Trabalhadores Do Sus, De Forma A Contribuir Para A Promoção, Fomento E Execução Das Políticas De Educação Permanente E De Comunicação No Campo Da Gestão Do Trabalho E Educação Na Saúde, Que, Articuladas Com Iniciativas De Pesquisa E Cooperação Internacional, Resultem Em Inovação E Melhoria Contínua Dos Processos Formativos.",Luciana Rezende Da Silva Garcez,UNASUS,25027.000169/2025-59,TED,MINISTÉRIO DA SAÚDE,TED MS,148/2024,Ensino,2025-07-31,2029-01-31,"Atenção, Promoção, Vigilâncias, Geração De Conhecimentos E Formação Para O Sus",34365486.0,9489755.49,25233147.58,3057339.13,463762.71,5968653.65,5968653.65,0.0,32.22,73.43
98,GEREB-025-FEX-25,Diálogos Sobre Economia Solidária (Des) Para A Promoção De Territórios Saudáveis E Sustentáveis No Distrito Federal/Df.,"Desenvolver Ações Estratégias De Empoderamento Social Para O Fortalecimento Da Governança, Gestão Dos Territórios E Fomento Na Geração De Trabalho E Renda No Df.",Wagner de Jesus Martins,COLABORATÓRIO,25027.000048/2023-45,CONVÊNIO PD&I,INSTITUTO BRB,,209/2023,Pesquisa,2025-07-03,2027-07-03,"Ciência, Tecnologia, Saúde E Sociedade",380000.0,198290.49,190000.0,122619.78,54700.0,20970.71,20970.71,0.0,61.84,50.0
99,GEREB-027-FIO-25,Apoio Para A Gestão Do Trabalho E Da Educação Na Saúde No Município De Rio Grande/Rs,"Ofertar Apoio Aos Processos De Gestão Do Trabalho E Da Educação Na Saúde Do Município De Rio Grande, Contribuindo Com A Qualificação E Direcionamento De Processos De Trabalho E De Produção Do Cuidado",Osvaldo Peralta Bonetti,ANGICOS,25027.000134/2025-10,EMENDA PARLAMENTAR,DEP. ALEXANDRE LINDENMEYER,,42950012,Ensino,2025-09-16,2028-03-16,"Atenção, Promoção, Vigilâncias, Geração De Conhecimentos E Formação Para O Sus",1500000.0,731027.88,805000.0,424240.06,117000.0,189787.82,189787.82,0.0,58.03,53.67
100,GEREB-029-FIO-25,"Fortalecimento De Ações Estruturantes Voltadas À Promoção De Direitos, Sustentabilidade, Justiça Social E Enfrentamento Ao Racismo Religioso, Para Os Povos E Comunidades Tradicionais De Terreiro E De Matriz Africana","Fortalecer Ações Estruturantes Voltadas À Promoção De Direitos, Sustentabilidade, Justiça Social E Enfrentamento Ao Racismo Religioso, Para Os Povos E Comunidades Tradicionais De Terreiro E De Matriz Africana.",Valber Da Silva Frutuoso,PALIN,25027.000225/2025-55,TED,MINISTÉRIO DA IGUALDADE RACIAL,TED MIR,6/2025,Extensão,2025-10-13,2027-05-13,Saúde E Sustentabilidade Socioambiental,5056750.0,3452166.09,1682420.97,1811355.98,1090895.5,549914.61,549914.61,0.0,52.47,33.27
101,GEREB-028-FIO-25,Fortalecimento Das Políticas Públicas Junto Às Comunidades Quilombolas No Âmbito Do Programa Aquilomba Brasil,"Acompanhar, Monitorar E Qualificar As Políticas Públicas Junto Às Comunidades Quilombolas No Ámbito Do Programa Aquilomba Brasil.",Raphael Alexandre Henriques Patrício,PALIN,25027.000235/2025-91,TED,MINISTÉRIO DA IGUALDADE RACIAL,TED MIR,8/2025,Extensão,2025-10-13,2027-04-13,Saúde E Sustentabilidade Socioambiental,2074800.0,2039388.01,89599.77,1259745.5,487551.19,292091.32,292091.32,0.0,61.77,4.32
102,GEREB-030-FIO-25,"Fortalecer A Implementação De Estratégias De Promoção, Prevenção E Diagnóstico Para Hiv/Aids, Tuberculose, Micoses Endêmicas, Hepatites Virais E Ist, Nas Três Instâncias De Gestão Do Sus, Alinhadas À Equidade, Visando À Resiliência E À Sustentabilidade Da Resposta Nacional","Fortalecer, De Forma Integrada E Articulada Entre Os Níveis Federal, Estadual E Municipal Do Sus, A Implementação De Estratégias De Promoção Da Saúde, Prevenção E Diagnóstico Oportuno Do Hiv/Aids, Tuberculose, Micoses Endêmicas, Hepatites Virais E Outras Infecções Sexualmente Transmissíveis, Com Foco Na Equidade, Na Redução Das Vulnerabilidades E Na Consolidação De Uma Resposta Nacional Resiliente E Sustentável.",Noely Fabiana Oliveira De Moura,NEVS,25027.000155/2025-35,TED,MINISTÉRIO DA SAÚDE,TED MS,018/2025,Extensão,2025-10-21,2030-10-21,"Atenção, Promoção, Vigilâncias, Geração De Conhecimentos E Formação Para O Sus",40000000.0,4152683.55,36000000.0,621031.84,112520.0,3419131.71,3419131.71,0.0,14.95,90.0
103,GEREB-011-FIO-25,"Promover O Protagonismo Das Mulheres Do Campo, Das Águas E Das Florestas","Desenvolver Iniciativas Que Promovam A Participação Social, O Combate Às Violências E A Melhoria Da Qualidade De Vida Das Mulheres O Campo, Das Florestas E Das Águas",Osvaldo Peralta Bonetti,ANGICOS,25027.000430/2025-11,DISPENSA DE TED,MINISTÉRIO DAS MULHERES,,34/2025,Extensão,2025-12-30,2026-10-30,"Atenção, Promoção, Vigilâncias, Geração De Conhecimentos E Formação Para O Sus",234000.0,242891.27,0.0,76934.86,0.0,165956.41,165956.41,0.0,31.67,0.0
104,GEREB-032-FIO-25,"Desenvolvimento De Ações De Apoio À Implementação, Qualificação E Fortalecimento De Políticas, Programas E Ações De Segurança Alimentar E Nutricional, No Contexto Das Mudanças Climáticas","Desenvolver Ações De Apoio À Implementação, Qualificação E Fortalecimento De Políticas, Programas E Ações Relacionadas À Segurança Alimentar E Nutricional, No Contexto Condição Das Mudanças Climáticas.",Denise Oliveira E Silva,PALIN,25027.000473/2025-04,TED,"MINISTÉRIO DO DESENVOLVIMENTO E ASSISTÊNCIA SOCIAL, FAMÍLIA E COMBATE À FOME",TED MDS,013/2025,Pesquisa,2025-11-18,2027-11-18,Saúde E Sustentabilidade Socioambiental,5990000.0,2458524.6,3594000.0,1071103.28,1407090.19,-19668.87,-19668.87,0.0,43.57,60.0
105,GEREB-033-FIO-25,Aprimorar A Capacidade Institucional Do Sistema Único De Saúde (Sus)Frente Às Emergências Em Saúde Pública,"Promover E Executar Ações Estratégicas Para O Aprimoramento Da Capacidade Institucional Nacional De Preparação, Vigilância E Resposta Às Emergências Em Saúde Pública, No Âmbito Do Sus.",Márcio Aldrin França Cavalcante,NUGP,25027.000469/2025-38,TED,MINISTÉRIO DA SAÚDE,TED MS,80/2025,Extensão,2025-12-30,2030-12-30,"Atenção, Promoção, Vigilâncias, Geração De Conhecimentos E Formação Para O Sus",40000000.0,20118.26,39980000.0,0.0,12114.54,8003.72,8003.72,0.0,0.0,99.95
106,GEREB-001-FIO-26,Saberes E Práticas Da Enfermagem No Sus,"Impulsionar A Formação De Lideranças Em Enfermagem Para A Qualificação Da Prática E Da Representação Profissional, Com Vistas À Conquista Do Direito Universal À Saúde, Fortalecimento Do Sus, Valorização Dos Profissionais De Enfermagem E Qualificação Dos Cuidados Em Saúde, Com Ênfase Na Saúde Da Mulher, Práticas Integrativas E Complementares Em Cuidados Paliativos, E Educação Em Enfermagem, Articulada Com Implantação De Ferramenta De Produção, Disseminação E Difusão De Conhecimento Sobre A Enfermagem Brasileira.",Osvaldo Peralta Bonetti,ANGICOS,25027.000378/2025-01,EMENDA PARLAMENTAR,DEP. ANA PAULA LIMA,,43010018,Ensino,2026-01-09,2028-01-09,"Atenção, Promoção, Vigilâncias, Geração De Conhecimentos E Formação Para O Sus",5000000.0,1407294.1,2391000.0,301613.28,240000.0,2103872.78,865680.82,1238191.96,21.43,47.82
107,GEREB-005-FIO-26,Minha Casa Minha Vida – Melhoria Habitacional,"Suporte Técnico-Científico À Linha De Atendimento De Melhorias Habitacionais No Programa Minha Casa Minha Vida Pmcmv – Para Promover Segurança, Saúde E Qualidade De Vida Para As Famílias De Baixa Renda.",Wagner de Jesus Martins,COLABORATÓRIO,25027.000426/2025-52,TED,MINISTÉRIO DAS CIDADES,TED MCIDADES,001/2025,Extensão,2026-01-14,2028-01-14,"Ciência, Tecnologia, Saúde E Sociedade",4000000.0,1407294.1,2600000.0,285297.34,113082.78,1008913.98,1008913.98,0.0,20.27,65.0
108,GEREB-004-FIO-26,"Sabores Que Cuidam, Saberes Que Alimentam: Os Agentes Populares De Saúde Do Campo E As Feiras Populares","Fortalecer Processos Comunitários De Promoção Da Saúde, Formação-Ação E Soberania Alimentar Em Territórios Rurais E Camponeses De Santa Catarina, Por Meio Da Qualificação Dos Agentes Populares De Saúde Do Campo (Apsc), Do Intercâmbio De Saberes Agroecológicos E Da Dinamização Pedagógica, Econômica E Sociopolítica Das Feiras Populares.",André Luiz Dutra Fenner,PSAT,25027.000582/2025-13,EMENDA PARLAMENTAR,DEP. PEDRO UCZAI,,28550001,Ensino,2026-01-13,2027-07-13,"Atenção, Promoção, Vigilâncias, Geração De Conhecimentos E Formação Para O Sus",1450000.0,131047.25,1319500.0,12484.56,0.0,118562.69,118562.69,0.0,9.53,91.0
109,GEREB-009-FIO-26,Abordagens Intersetoriais E Integradas Para Uma Política De Drogas Para Pessoas No Brasil – Fase Ii,"Promover A Articulação, A Qualificação E A Integração De Políticas Públicas Sobre Drogas Em Municípios Prioritários Das Unidades Da Federação, Com Ênfase Na Prevenção, Articulação Intra E Intersetorial E Formação De Trabalhadores.",André Vinícius Pires Guerrero,NUSMAD,25027.000522/2025-09,TED,MINISTÉRIO DA JUSTIÇA E SEGURANÇA PÚBLICA,TED MJSP,04/2023,Extensão,2026-01-14,2026-10-20,"Ciência, Tecnologia, Saúde E Sociedade",7168369.27,5621266.44,1688079.3,2083985.87,1970164.67,1567115.9,1567115.9,0.0,37.07,23.55
110,GEREB-007-FIO-26,"Mulheres Do Campo, Das Águas E Das Florestas Na Construção E No Fortalecimento Da Democracia Participativa E Representativa",Implementar Espaço De Diálogo E Construção Compartilhada No Sentido De Contribuir Com O Fortalecimento Da Participação Do Segmento Das Mulheres Nos Processos Da Democracia Participativa E Representativa.,Osvaldo Peralta Bonetti,ANGICOS,25027.000440/2025-56,DISPENSA DE TED,SECRETARIA GERAL DA PRESIDÊNCIA DA REPÚBLICA,,001/2026,Ensino,2026-01-12,2026-11-22,"Atenção, Promoção, Vigilâncias, Geração De Conhecimentos E Formação Para O Sus",100000.0,100105.29,0.0,92701.33,0.0,7403.96,7403.96,0.0,92.6,0.0
111,GEREB-006-FIO-26,"Radar De Territórios – Eixo Estratégico Da ""Picaps (Projeto Radar De Territórios Da Plataforma De Inteligência Cooperativa Territorial Com A Atenção Primária À Saúde)","Promover O Fortalecimento Estratégico Da Articulação Social E Da Gestão De Iniciativas De Economia Solidária Em Territórios Do Distrito Federal, Para Consolidar A Governança Local E A Resiliência Socioeconômica.",Wagner de Jesus Martins,COLABORATÓRIO,25027.000422/2025-74,EMENDA PARLAMENTAR,DEP. REGINALDO VERAS,,44490005,Extensão,2026-01-14,2028-01-14,"Ciência, Tecnologia, Saúde E Sociedade",1300000.0,131830.96,1170000.0,100916.22,28200.0,2714.74,2714.74,0.0,76.55,90.0
112,GEREB-003-FIO-26,"Desenvolvimento De Territórios Saudáveis, Sustentáveis E Solidários No Estado Do Pará","Promover O Desenvolvimento Territorial Saudável, Sustentável E Solidário No Estado Do Pará, Por Meio Da Integração Entre Sociobioeconomia Agroecológica, Formação Popular E Tecnologias Sociais, Fortalecendo Práticas Comunitárias De Promoção Da Saúde, Segurança Alimentar E Economia Solidária.",Wagner de Jesus Martins,COLABORATÓRIO,25027.000563/2025-97,EMENDA PARLAMENTAR,DEP. AIRTON FALEIRO,,39010010,Extensão,2026-01-15,2027-07-15,Saúde E Sustentabilidade Socioambiental,400000.0,243341.24,160000.0,25149.23,0.0,218192.01,218192.01,0.0,10.33,40.0
113,GEREB-008-FIO-26,"Conexões De Saberes Iv – Ações De Educação Permanente, De Educação Popular, Promoção Da Equidade, Da Participação E Do Controle Social Em Defesa Do Sus,","Implementar Processos Educativos, Promotores Da Participação Popular, Do Controle Social E Qualificação Do Cuidado Em Saúde Contribuindo Com A Efetivação De Uma Rede De Agentes Educadores Populares Nos Territórios Do Sistema Único De Saúde Do Distrito Federal.",Osvaldo Peralta Bonetti,ANGICOS,25027.000513/2025-18,EMENDA PARLAMENTAR,DEP. ERIKA KOKAY,,28260010,Ensino,2026-01-16,2028-07-16,"Atenção, Promoção, Vigilâncias, Geração De Conhecimentos E Formação Para O Sus",8800000.0,6619101.85,4308000.0,969320.36,807846.44,4841935.05,4841935.05,0.0,14.64,48.95
114,GEREB-013-FIO-26,Saberes E Sabores Que Cuidam: Feiras Camponesas E Promoção Da Saúde Do Campo,Fortalecer A Formação-Ação Dos Agentes Populares De Saúde Do Campo (Apsc) Por Meio Da Construção E Intercâmbio De Saberes Da Agricultura Camponesa E De Sua Articulação Com A Promoção Da Saúde E A Agroecologia Nos Territórios Rurais E Camponeses.,André Luiz Dutra Fenner,PSAT,25027.000592/2025-59,EMENDA PARLAMENTAR,DEP. NILTO TATTO,,37350004,Ensino,2026-01-16,2027-07-16,"Atenção, Promoção, Vigilâncias, Geração De Conhecimentos E Formação Para O Sus",1000000.0,90377.76,910000.0,8449.39,38000.0,43928.37,43928.37,0.0,9.35,91.0
115,GEREB-015-FIO-26,"Entre Roças, Florestas E Ruas: Territórios Que Cultivam Saúde","Fortalecer Práticas Integradas De Promoção Da Saúde, Gestão Territorial Sustentável E Organização Comunitária Por Meio Da Articulação Entre Saberes Científicos, Conhecimentos Ancestrais E Práticas Socioterritoriais Das Populações Rurais, Periurbanas E Da Interface Campo–Cidade.",André Luiz Dutra Fenner,PSAT,25027.000595/2025-92,EMENDA PARLAMENTAR,DEP. ERIKA KOKAY,,28260010,Ensino,2026-01-19,2027-07-19,"Atenção, Promoção, Vigilâncias, Geração De Conhecimentos E Formação Para O Sus",1800000.0,162678.46,1638000.0,15902.0,20000.0,126776.46,126776.46,0.0,9.78,91.0
116,GEREB-010-FIO-26,Ações De Educação Popular Para Promoção Da Saúde E Fortalecimento Da Participação Popular Nos Territórios,"Desenvolver Processo Formativo, Pautado Nos Princípios Da Educação Popular Em Saúde, Como Uma Ferramenta Para O Fortalecimento Da Participação E Controle Social, Por Meio Do Acolhimento E Troca De Saberes Como Estratégia Para Ressignificação E Protagonismo De Lideranças Comunitárias, Com Destaque Para A Defesa Dos Direitos Das Mulheres, Promoção Da Saúde E A Proteção De Populações Em Situação De Vulnerabilidade Social E Econômica.",Osvaldo Peralta Bonetti,ANGICOS,25027.000555/2025-41,EMENDA PARLAMENTAR,DEP. DENISE PESSOA,,43530003,Ensino,2026-01-16,2028-07-16,"Atenção, Promoção, Vigilâncias, Geração De Conhecimentos E Formação Para O Sus",3000000.0,41400.0,2958600.0,41400.0,0.0,0.0,0.0,0.0,100.0,98.62
117,GEREB-018-FIO-26,Curso De Especialização Em Saúde Bucal Na Atenção Primária À Saúde,"Produzir O Curso De Especialização Em Saúde Bucal Na Atenção Primária À Saúde, Com O Propósito De Capacitar Os Cirurgiões Dentistas Para Uma Atuação Mais Abrangente, Resolutiva E Articulada Com As Diretrizes Do Cuidado Em Saúde Bucal No Âmbito Da Atenção Primária À Saúde.",Kellen Cristina Da Silva Gasque,UNASUS,25027.000441/2025-09,TED,MINISTÉRIO DA SAÚDE,TED MS,098/2025,Ensino,2025-01-16,2027-07-16,"Atenção, Promoção, Vigilâncias, Geração De Conhecimentos E Formação Para O Sus",3922084.0,277655.0,3644429.0,29649.32,0.0,248005.68,248005.68,0.0,10.68,92.92
118,GEREB-017-FIO-26,Economia Solidária Promove Saúde Nas Periferias,Promover A Inclusão Produtiva Solidária Com Geração De Renda E O Fortalecimento Comunitário E Da Equidade Em Saúde Com Desenvolvimento Sustentável.,Wagner de Jesus Martins,COLABORATÓRIO,25027.000418/2025-14,TED,MINISTÉRIO DA IGUALDADE RACIAL,TED MIR,018/2025,Pesquisa,2025-10-01,2027-10-01,"Ciência, Tecnologia, Saúde E Sociedade",500000.0,497987.69,5000.01,48973.07,0.0,449014.62,449014.62,0.0,9.83,1.0
119,GEREB-020-FIO-26,Apoio À Gestão Dos Bancos De Avaliadores Da Residência Médica E Da Residência Em Área Profissional Da Saúde,"Implementar Uma Estratégia Integrada De Apoio À Gestão Do Banco De Avaliadores Da Residência Médica E Do Banco De Avaliadores Da Residência Em Área Profissional Da Saúde, Com Vistas A Qualificar Os Processos De Avaliação Em Consonância Às Normativas Da Cnrm E Da Cnrms, Assegurar Sua Transparência E Garantir A Educação Permanente De Avaliadores.",Luciana Sepúlveda Köptcke,EGF,25027.000472/2025-51,TED,MINISTÉRIO DA SAÚDE,TED de SUPORTE,82/2025,Ensino,2026-01-16,2029-01-16,"Atenção, Promoção, Vigilâncias, Geração De Conhecimentos E Formação Para O Sus",9990288.0,799738.25,9192563.5,83973.01,40657.03,675108.21,675108.21,0.0,10.5,92.01
120,GEREB-011-FIO-26,Promoção Da Saúde No Campo – Formação-Ação De Agentes Populares Em Saúde Do Campo (Apsc) No Maranhão,"Promover A Saúde No Campo Por Meio Da Formação-Ação De Agentes Populares De Saúde Do Campo (Apsc), Com Ênfase Na Saúde Das Mulheres, Nas Práticas Populares Promotoras De Cuidado E Na Agroecologia, Para Atuarem Como Multiplicadores Nos Territórios Rurais E Camponeses Do Estado Do Maranhão.",André Luiz Dutra Fenner,PSAT,25027.000586/2025-00,EMENDA PARLAMENTAR,DEP. MÁRCIO JERRY,,38930008,Ensino,2026-01-19,2027-07-19,"Atenção, Promoção, Vigilâncias, Geração De Conhecimentos E Formação Para O Sus",267993.0,24219.88,243873.64,2586.17,2546.4,19087.31,19087.31,0.0,10.68,91.0
121,GEREB-019-FIO-26,Expansão E Ativação Da Rede De Hortos Agroflorestais Medicinais Biodinâmicos (Rhamb) Na Ses-Df,Fortalecer A Rede Colaborativa Entre Os Hortos Agroflorestais Medicinais Biodinâmicos (Hamb) Nos Serviços De Saúde Da Secretaria De Estado Da Saúde Do Distrito Federal (Ses/Df).,Wagner de Jesus Martins,COLABORATÓRIO,25027.000506/2025-16,EMENDA PARLAMENTAR,DEP. ERIKA KOKAY,,28260010,Pesquisa,2026-01-16,2028-01-16,Saúde E Sustentabilidade Socioambiental,550000.0,50230.47,499999.99,16108.57,0.0,34121.9,34121.9,0.0,32.07,90.91
122,GEREB-021-FIO-26,Soluções Inovadoras Para Implantação De Tecnologias De Acesso À Água De Qualidade,"Avaliar A Viabilidade Econômica, Financeira E De Campo Do Uso Do Madidrop No Programa, Por Meio De Estudo De Custo Efetividade, Análise De Impacto Orçamentário E Estudo De Avaliação De Efetividade, Para Subsidiar Decisões De Política Pública É Expansão Nacional.",Vaneide Daciane Pedi,COLABORATÓRIO,25027.000575/2025-11,TED,MINISTÉRIO DA INTEGRAÇÃO E DO DESENVOLVIMENTO REGIONAL,TED MIDR,991539/2025,Extensão,2026-01-27,2028-01-27,"Ciência, Tecnologia, Saúde E Sociedade",3000000.0,1875480.6,126881.0,59158.25,119320.0,1697002.35,1697002.35,0.0,3.15,4.23
123,GEREB-023-FIO-26,"Fortalecer A Atuação Da Administração Pública No Enfrentamento Às Diversas Formas De Violência Contra As Mulheres, Por Meio Da Realização De Ações Formativas, Da Articulação Institucional, Da Produção De Instrumentos Orientadores E Da Estruturação De Redes De Lideranças Femininas, Contribuindo Para A Promoção Da Autonomia Econômica Das Mulheres, Da Saúde Integral E Da Igualdade De Gênero.","Apoiar A Promoção Dos Direitos Humanos, A Saúde Das Mulheres E A Erradicação Da Violência De Gênero Para A Promoção De Transformações Estruturais, Duradouras E Efetivas Na Prevenção Do Feminicídio E Na Garantia De Uma Vida Livre De Violência Para Todas As Mulheres.",Osvaldo Peralta Bonetti,ANGICOS,25027.000017/2026-37,TED,MINISTÉRIO DAS MULHERES,TED MMULHERES,01/2026,Extensão,2026-01-21,2028-01-21,"Atenção, Promoção, Vigilâncias, Geração De Conhecimentos E Formação Para O Sus",15000000.0,10029272.92,5000000.0,7821501.51,1379885.43,827885.98,827885.98,0.0,77.99,33.33
124,GEREB-022-FIO-26,Promoção De Práticas De Educação Popular E De Desenvolvimento Saudável E Sustentável Nos Territórios Do Rio Grande Do Sul.,Implementar E Fortalecer Práticas De Educação Popular E De Desenvolvimento Saudável E Sustentável Nos Territórios Do Rio Grande Do Sul,Osvaldo Peralta Bonetti,ANGICOS,25027.000566/2025-21,EMENDA PARLAMENTAR,DEP. BOHN GASS,,28620023,Ensino,2026-01-16,2028-04-16,"Atenção, Promoção, Vigilâncias, Geração De Conhecimentos E Formação Para O Sus",1400000.0,0.0,1400000.0,0.0,0.0,0.0,0.0,0.0,0.0,100.0
125,GEREB-002-FIO-26,Mobilização Marcha Das Margaridas 2027,"Fortalecer A Mobilização E Organização Das Mulheres Do Campo, Da Floresta E Das Águas Para A Marcha Das Margaridas 2027, Promovendo Formação Política, Agroecológica E Em Saúde, Além Da Articulação Territorial E Comunicação Popular.",Wagner de Jesus Martins,COLABORATÓRIO,25027.000564/2025-31,EMENDA PARLAMENTAR,DEP. BOHN GASS,,28620023,Extensão,2026-01-14,2027-07-14,Saúde E Sustentabilidade Socioambiental,250000.0,175717.26,75000.0,17350.94,0.0,158366.32,158366.32,0.0,9.87,30.0
126,GEREB-012-FIO-26,Do Pampa Ao Cuidado: Formação-Ação Dos Agentes Populares De Saúde Do Campo No Estado Do Rio Grande Do Sul.,"Fortalecer A Saúde No Campo Por Meio Da Formação-Ação De Agentes Populares De Saúde Do Campo (Apsc), Ampliando Suas Capacidades De Atuação E Promoção Do Cuidado Nos Territórios Rurais E Camponeses Do Estado Do Rio Grande Do Sul.",André Luiz Dutra Fenner,PSAT,25027.000590/2025-60,EMENDA PARLAMENTAR,DEP. MARIA DO ROSÁRO,,19830016,Ensino,2026-01-16,2027-07-16,"Atenção, Promoção, Vigilâncias, Geração De Conhecimentos E Formação Para O Sus",1400000.0,126528.31,1274000.0,22088.15,0.0,104440.16,104440.16,0.0,17.46,91.0
127,GEREB-014-FIO-26,Fortalecimento Sociotécnico E Territorial Dos Empreendimentos Econômicos Solidários.,"Promover A Inclusão Produtiva A Partir Dos Princípios Da Economia Solidária Para O Desenvolvimento Territorial Saudável, Sustentável E Solidário.",Wagner de Jesus Martins,COLABORATÓRIO,25027.000534/2025-25,TED,MINISTÉRIO DO TRABALHO E EMPREGO,TED MTE,43/2025,Pesquisa,2025-12-18,2027-12-30,"Ciência, Tecnologia, Saúde E Sociedade",5996100.0,100263.52,5896145.02,9737.12,0.0,90526.4,90526.4,0.0,9.71,98.33
128,GEREB-024-FIO-26,"Redes Agroecológicas De Plantas Medicinais: Formação, Manejo Sustentável E Organização Comunitária.","Realizar Ações De Fortalecimento Técnico E Organizativo Das Redes De Produção De Plantas Medicinais, Por Meio De Assessoria Técnica Continuada E Da Elaboração E Disseminação De Materiais Formativos E Comunicacionais Voltados Ao Manejo Agroecológico E À Gestão Comunitária Da Produção.",Wagner de Jesus Martins,COLABORATÓRIO,25027.000585/2025-57,TED,MINISTÉRIO DO DESENVOLVIMENTO AGRÁRIO E AGRICULTURA FAMILIAR,TED MDA,970963/2024,Pesquisa,2026-03-27,2027-09-27,Saúde E Sustentabilidade Socioambiental,2497000.0,6093.98,695606.02,6093.98,0.0,0.0,0.0,0.0,100.0,27.86
